TradeID,Direction,EntryTime,EntryPrice,EntryRSI,ExitReason,Profit,BarsHeld,BestPricePct,ImmediateReversal,NearMiss,SqueezeDuration,ATR,HourOfDay,DayOfWeek
3,SHORT,2025-10-24T19:53:00.000Z,53704.19,43.6,SL,-107.41,18,66.0,0,1,10,83.24,19,5
4,LONG,2025-10-24T20:26:00.000Z,53896.03,67.5,SL,-107.79,9,19.1,0,0,14,71.71,20,5
6,LONG,2025-10-24T21:08:00.000Z,54446.00,76.8,SL,-108.89,6,41.7,0,0,5,85.66,21,5
7,SHORT,2025-10-24T22:06:00.000Z,54368.35,37.8,SL,-108.74,3,33.6,1,0,9,92.89,22,5
8,LONG,2025-10-24T22:22:00.000Z,54685.72,61.2,SL,-109.37,3,7.0,1,0,4,82.01,22,5
11,LONG,2025-10-25T00:26:00.000Z,54533.53,62.0,SL,-109.07,6,30.9,0,0,3,81.14,0,6
13,LONG,2025-10-25T01:35:00.000Z,54157.98,67.9,SL,-108.32,1,4.8,1,0,3,76.73,1,6
14,SHORT,2025-10-25T01:42:00.000Z,53775.50,35.8,SL,-107.55,2,8.4,1,0,3,80.52,1,6
15,LONG,2025-10-25T02:39:00.000Z,53783.83,57.2,SL,-107.57,5,15.3,0,0,5,70.54,2,6
16,LONG,2025-10-25T03:03:00.000Z,53852.53,62.2,SL,-107.71,11,50.4,0,1,6,78.17,3,6
17,SHORT,2025-10-25T03:17:00.000Z,53628.47,41.6,SL,-107.26,19,60.8,0,1,6,85.74,3,6
18,LONG,2025-10-25T03:41:00.000Z,53774.57,55.5,SL,-107.55,5,34.2,0,0,8,80.86,3,6
19,LONG,2025-10-25T03:48:00.000Z,53868.13,63.0,SL,-107.74,19,66.9,0,1,9,85.04,3,6
20,SHORT,2025-10-25T04:42:00.000Z,53871.07,42.3,SL,-107.74,18,71.5,0,1,7,81.59,4,6
24,SHORT,2025-10-25T06:38:00.000Z,54280.29,39.9,SL,-108.56,6,42.8,0,0,5,79.99,6,6
25,SHORT,2025-10-25T07:01:00.000Z,54112.12,34.4,SL,-108.22,8,34.3,0,0,2,80.50,7,6
27,SHORT,2025-10-25T08:00:00.000Z,53732.37,32.3,SL,-107.46,35,75.3,0,1,2,73.09,8,6
28,SHORT,2025-10-25T08:56:00.000Z,53168.97,24.6,SL,-106.34,2,0.0,1,0,6,80.90,8,6
29,SHORT,2025-10-25T09:42:00.000Z,53094.60,39.1,SL,-106.19,8,67.3,0,1,17,75.49,9,6
30,SHORT,2025-10-25T10:16:00.000Z,52752.57,32.0,SL,-105.51,9,35.6,0,0,1,66.39,10,6
31,LONG,2025-10-25T10:27:00.000Z,53031.64,63.3,SL,-106.06,5,41.8,0,0,2,70.98,10,6
32,LONG,2025-10-25T12:42:00.000Z,53862.14,69.9,SL,-107.72,7,32.1,0,0,5,74.17,12,6
33,SHORT,2025-10-25T13:00:00.000Z,53652.90,37.8,SL,-107.31,2,1.2,1,0,6,69.32,13,6
35,LONG,2025-10-25T13:40:00.000Z,54210.60,70.7,SL,-108.42,6,41.8,0,0,2,88.90,13,6
36,LONG,2025-10-25T14:44:00.000Z,54207.13,56.9,SL,-108.41,3,2.0,1,0,7,81.69,14,6
37,SHORT,2025-10-25T14:52:00.000Z,53891.44,37.4,SL,-107.78,2,0.0,1,0,15,74.42,14,6
38,SHORT,2025-10-25T15:15:00.000Z,53946.63,36.3,SL,-107.89,2,0.0,1,0,2,82.02,15,6
39,LONG,2025-10-25T15:57:00.000Z,54076.89,58.7,SL,-108.15,14,64.5,0,1,4,74.06,15,6
40,SHORT,2025-10-25T16:36:00.000Z,53728.08,28.6,SL,-107.46,5,32.2,0,0,6,65.72,16,6
42,LONG,2025-10-25T17:21:00.000Z,53747.22,63.4,SL,-107.49,2,9.2,1,0,7,75.20,17,6
43,LONG,2025-10-25T17:27:00.000Z,53802.61,62.9,SL,-107.61,8,76.9,0,1,13,82.03,17,6
45,LONG,2025-10-25T18:26:00.000Z,53884.51,63.2,SL,-107.77,2,3.3,1,0,7,76.50,18,6
46,SHORT,2025-10-25T18:49:00.000Z,53529.32,40.3,SL,-107.06,4,9.7,0,0,3,81.34,18,6
47,SHORT,2025-10-25T18:55:00.000Z,53465.84,35.5,SL,-106.93,7,31.2,0,0,9,78.50,18,6
48,LONG,2025-10-25T19:03:00.000Z,53720.46,63.8,SL,-107.44,5,27.5,0,0,2,75.60,19,6
49,LONG,2025-10-25T19:29:00.000Z,53599.61,60.5,SL,-107.20,4,23.6,0,0,3,74.67,19,6
51,SHORT,2025-10-25T20:07:00.000Z,53073.49,37.6,SL,-106.15,9,15.3,0,0,6,77.19,20,6
52,LONG,2025-10-25T20:25:00.000Z,53251.31,57.8,SL,-106.50,4,14.4,0,0,20,72.79,20,6
53,SHORT,2025-10-25T20:34:00.000Z,52934.63,35.0,SL,-105.87,3,6.7,1,0,20,79.13,20,6
55,LONG,2025-10-25T21:13:00.000Z,53550.24,75.7,SL,-107.10,2,9.7,1,0,3,81.24,21,6
56,LONG,2025-10-25T21:41:00.000Z,53643.23,65.1,SL,-107.29,2,4.4,1,0,1,77.06,21,6
59,SHORT,2025-10-25T23:30:00.000Z,52521.94,32.7,SL,-105.04,13,92.8,0,1,6,69.61,23,6
62,LONG,2025-10-26T01:20:00.000Z,52597.94,64.8,SL,-105.20,7,53.0,0,1,3,80.80,1,0
63,SHORT,2025-10-26T02:38:00.000Z,51465.08,32.3,SL,-102.93,2,0.0,1,0,7,80.76,2,0
64,LONG,2025-10-26T03:10:00.000Z,51946.21,72.9,SL,-103.89,6,43.3,0,0,5,69.82,3,0
65,LONG,2025-10-26T04:09:00.000Z,51365.34,59.7,SL,-102.73,2,11.4,1,0,13,68.78,4,0
69,SHORT,2025-10-26T05:42:00.000Z,50381.78,34.7,SL,-100.76,1,0.0,1,0,2,83.19,5,0
70,SHORT,2025-10-26T05:53:00.000Z,50361.85,36.2,SL,-100.72,8,25.2,0,0,2,85.84,5,0
71,SHORT,2025-10-26T06:25:00.000Z,50400.68,44.3,SL,-100.80,3,21.3,1,0,8,72.80,6,0
73,SHORT,2025-10-26T08:29:00.000Z,49682.51,40.1,SL,-99.37,5,19.0,0,0,9,67.33,8,0
75,LONG,2025-10-26T09:02:00.000Z,50087.35,69.4,SL,-100.17,1,9.7,1,0,10,78.31,9,0
76,SHORT,2025-10-26T09:08:00.000Z,49804.44,37.3,SL,-99.61,3,1.7,1,0,5,78.31,9,0
77,LONG,2025-10-26T09:15:00.000Z,50181.15,68.6,SL,-100.36,6,49.6,0,0,2,82.04,9,0
78,SHORT,2025-10-26T09:41:00.000Z,49949.32,44.7,SL,-99.90,6,28.8,0,0,4,74.09,9,0
79,LONG,2025-10-26T09:50:00.000Z,50152.90,59.1,SL,-100.31,7,34.9,0,0,13,68.93,9,0
80,SHORT,2025-10-26T11:06:00.000Z,49895.44,35.0,SL,-99.79,3,6.6,1,0,4,72.86,11,0
81,SHORT,2025-10-26T11:22:00.000Z,49738.58,32.8,SL,-99.48,6,24.8,0,0,19,72.21,11,0
84,LONG,2025-10-26T12:24:00.000Z,50723.14,64.4,SL,-101.45,14,65.3,0,1,7,67.87,12,0
85,SHORT,2025-10-26T12:39:00.000Z,50529.72,37.0,SL,-101.06,19,83.1,0,1,2,74.96,12,0
86,SHORT,2025-10-26T13:57:00.000Z,50493.74,31.9,SL,-100.99,6,25.8,0,0,2,71.53,13,0
88,SHORT,2025-10-26T14:30:00.000Z,50068.69,19.9,SL,-100.14,7,34.8,0,0,11,68.74,14,0
89,LONG,2025-10-26T15:07:00.000Z,50288.43,60.0,SL,-100.58,7,36.0,0,0,4,72.00,15,0
90,SHORT,2025-10-26T15:34:00.000Z,49901.36,32.2,SL,-99.80,1,2.1,1,0,3,76.03,15,0
91,LONG,2025-10-26T15:51:00.000Z,50216.69,63.1,SL,-100.43,2,1.8,1,0,3,75.16,15,0
92,LONG,2025-10-26T16:30:00.000Z,50521.53,64.7,SL,-101.04,4,35.9,0,0,18,69.64,16,0
93,SHORT,2025-10-26T16:36:00.000Z,50276.43,40.4,SL,-100.55,4,18.6,0,0,2,69.32,16,0
94,SHORT,2025-10-26T16:49:00.000Z,50098.15,30.3,SL,-100.20,2,17.5,1,0,2,72.47,16,0
95,LONG,2025-10-26T17:33:00.000Z,50545.02,61.1,SL,-101.09,1,2.3,1,0,3,83.87,17,0
98,SHORT,2025-10-26T19:31:00.000Z,49029.30,23.7,SL,-98.06,8,38.6,0,0,10,70.42,19,0
100,SHORT,2025-10-26T21:41:00.000Z,50297.94,42.6,SL,-100.60,5,27.8,0,0,3,68.30,21,0
102,LONG,2025-10-26T22:08:00.000Z,50888.81,75.5,SL,-101.78,5,23.0,0,0,8,77.54,22,0
104,SHORT,2025-10-26T22:49:00.000Z,50013.63,16.6,SL,-100.03,5,32.4,0,0,5,78.29,22,0
106,LONG,2025-10-27T00:27:00.000Z,49368.95,62.0,SL,-98.74,7,30.7,0,0,5,76.93,0,1
108,SHORT,2025-10-27T01:50:00.000Z,49102.25,43.9,SL,-98.20,2,0.0,1,0,1,70.32,1,1
110,LONG,2025-10-27T03:54:00.000Z,49777.78,59.9,SL,-99.56,11,74.6,0,1,6,66.05,3,1
112,LONG,2025-10-27T04:45:00.000Z,50164.50,67.1,SL,-100.33,14,52.1,0,1,8,76.52,4,1
113,LONG,2025-10-27T05:29:00.000Z,50109.80,60.3,SL,-100.22,10,89.2,0,1,20,72.57,5,1
114,SHORT,2025-10-27T06:02:00.000Z,50133.78,42.3,SL,-100.27,2,5.5,1,0,3,75.60,6,1
116,LONG,2025-10-27T06:31:00.000Z,50586.42,66.0,SL,-101.17,11,17.1,0,0,1,68.63,6,1
118,SHORT,2025-10-27T06:48:00.000Z,50061.34,22.9,SL,-100.12,2,3.2,1,0,14,76.07,6,1
119,LONG,2025-10-27T07:17:00.000Z,50507.82,74.0,SL,-101.02,2,14.8,1,0,8,69.77,7,1
120,SHORT,2025-10-27T07:44:00.000Z,50168.97,36.0,SL,-100.34,7,44.2,0,0,11,74.09,7,1
121,LONG,2025-10-27T07:59:00.000Z,50471.79,62.6,SL,-100.94,8,46.3,0,0,7,78.10,7,1
123,LONG,2025-10-27T08:56:00.000Z,50627.91,72.9,SL,-101.26,13,44.9,0,0,5,76.18,8,1
124,SHORT,2025-10-27T09:37:00.000Z,50454.42,36.7,SL,-100.91,1,2.1,1,0,4,68.09,9,1
126,SHORT,2025-10-27T09:55:00.000Z,50167.95,25.1,SL,-100.34,2,13.8,1,0,11,77.31,9,1
128,LONG,2025-10-27T10:31:00.000Z,50752.85,79.3,SL,-101.51,3,7.7,1,0,4,71.98,10,1
130,SHORT,2025-10-27T12:45:00.000Z,49989.05,41.6,SL,-99.98,22,74.0,0,1,11,63.81,12,1
134,LONG,2025-10-27T16:41:00.000Z,49883.29,67.5,SL,-99.77,5,56.1,0,1,5,78.60,16,1
135,SHORT,2025-10-27T17:58:00.000Z,48906.01,34.1,SL,-97.81,9,27.8,0,0,12,63.91,17,1
138,SHORT,2025-10-27T18:57:00.000Z,48314.06,32.5,SL,-96.63,13,83.8,0,1,11,66.90,18,1
141,LONG,2025-10-27T20:22:00.000Z,49135.50,71.0,SL,-98.27,4,35.9,0,0,5,72.56,20,1
143,LONG,2025-10-27T21:29:00.000Z,49471.37,67.8,SL,-98.94,6,57.6,0,1,12,78.10,21,1
144,SHORT,2025-10-27T21:59:00.000Z,49076.67,31.9,SL,-98.15,10,48.3,0,0,4,72.61,21,1
145,LONG,2025-10-27T23:07:00.000Z,48461.73,55.0,SL,-96.92,11,48.0,0,0,2,68.84,23,1
146,SHORT,2025-10-27T23:25:00.000Z,48294.19,42.7,SL,-96.59,2,0.0,1,0,1,70.24,23,1
149,SHORT,2025-10-28T02:22:00.000Z,47741.25,29.5,SL,-95.48,4,5.1,0,0,8,60.52,2,2
150,LONG,2025-10-28T02:32:00.000Z,47972.73,58.3,SL,-95.95,13,63.3,0,1,5,66.36,2,2
151,SHORT,2025-10-28T02:46:00.000Z,47739.30,34.3,SL,-95.48,13,81.3,0,1,6,72.60,2,2
152,SHORT,2025-10-28T03:11:00.000Z,47539.85,28.0,SL,-95.08,3,8.2,1,0,4,72.77,3,2
153,SHORT,2025-10-28T03:31:00.000Z,47427.38,30.5,SL,-94.85,2,9.4,1,0,8,65.31,3,2
154,LONG,2025-10-28T03:38:00.000Z,47608.52,57.2,SL,-95.22,2,4.3,1,0,15,73.15,3,2
155,SHORT,2025-10-28T04:09:00.000Z,47306.90,33.7,SL,-94.61,18,94.9,0,1,4,66.27,4,2
156,SHORT,2025-10-28T04:36:00.000Z,47180.00,34.3,SL,-94.36,9,35.5,0,0,1,67.59,4,2
157,LONG,2025-10-28T05:16:00.000Z,47392.35,63.5,SL,-94.78,13,42.3,0,0,11,68.85,5,2
159,LONG,2025-10-28T06:35:00.000Z,47748.46,71.3,SL,-95.50,7,57.0,0,1,1,66.26,6,2
161,LONG,2025-10-28T07:33:00.000Z,48086.50,78.1,SL,-96.17,12,99.9,0,1,5,74.54,7,2
162,LONG,2025-10-28T08:11:00.000Z,48213.93,61.7,SL,-96.43,2,1.9,1,0,2,75.88,8,2
163,LONG,2025-10-28T08:16:00.000Z,48287.24,68.1,SL,-96.57,2,3.1,1,0,2,75.88,8,2
165,LONG,2025-10-28T10:17:00.000Z,48605.24,67.1,SL,-97.21,16,61.4,0,1,7,58.97,10,2
166,SHORT,2025-10-28T10:34:00.000Z,48463.44,41.3,SL,-96.93,1,6.3,1,0,6,66.71,10,2
167,SHORT,2025-10-28T10:47:00.000Z,48426.77,39.1,SL,-96.85,1,0.0,1,0,9,72.67,10,2
170,SHORT,2025-10-28T12:15:00.000Z,48956.26,41.8,SL,-97.91,12,43.6,0,0,6,71.42,12,2
171,SHORT,2025-10-28T13:02:00.000Z,49168.16,42.9,SL,-98.34,13,56.0,0,1,3,75.46,13,2
172,LONG,2025-10-28T13:19:00.000Z,49353.40,57.4,SL,-98.71,5,15.6,0,0,2,70.34,13,2
173,SHORT,2025-10-28T14:36:00.000Z,49504.42,35.6,SL,-99.01,2,3.9,1,0,8,72.57,14,2
175,LONG,2025-10-28T15:43:00.000Z,49375.88,66.1,SL,-98.75,7,21.3,0,0,7,75.08,15,2
176,SHORT,2025-10-28T15:59:00.000Z,49194.94,39.5,SL,-98.39,5,31.0,0,0,9,70.18,15,2
177,SHORT,2025-10-28T16:25:00.000Z,49067.95,36.9,SL,-98.14,7,41.9,0,0,20,72.95,16,2
178,LONG,2025-10-28T16:39:00.000Z,49236.91,55.7,SL,-98.47,9,73.6,0,1,20,67.33,16,2
179,LONG,2025-10-28T17:45:00.000Z,49217.81,57.8,SL,-98.44,4,15.7,0,0,8,71.86,17,2
180,SHORT,2025-10-28T18:35:00.000Z,49328.60,43.9,SL,-98.66,3,28.0,1,0,16,69.26,18,2
181,SHORT,2025-10-28T18:41:00.000Z,49298.39,41.1,SL,-98.60,18,72.4,0,1,20,74.25,18,2
182,LONG,2025-10-28T19:00:00.000Z,49415.35,57.9,SL,-98.83,4,18.5,0,0,1,70.91,19,2
186,SHORT,2025-10-28T21:58:00.000Z,49208.14,42.4,SL,-98.42,2,8.7,1,0,7,67.21,21,2
187,LONG,2025-10-28T22:11:00.000Z,49460.43,62.3,SL,-98.92,3,34.3,1,0,10,75.21,22,2
188,LONG,2025-10-28T22:21:00.000Z,49533.66,63.9,SL,-99.07,7,41.4,0,0,2,75.14,22,2
189,SHORT,2025-10-28T22:36:00.000Z,49317.80,42.3,SL,-98.64,6,17.7,0,0,2,75.58,22,2
190,LONG,2025-10-28T22:56:00.000Z,49535.59,59.0,SL,-99.07,4,8.3,0,0,1,74.71,22,2
191,SHORT,2025-10-28T23:02:00.000Z,49321.82,39.4,SL,-98.64,5,21.3,0,0,4,70.56,23,2
193,SHORT,2025-10-29T00:12:00.000Z,49665.62,39.5,SL,-99.33,43,95.3,0,1,2,64.38,0,3
195,LONG,2025-10-29T01:46:00.000Z,50071.71,61.0,SL,-100.14,10,42.6,0,0,4,74.89,1,3
196,SHORT,2025-10-29T02:11:00.000Z,49859.88,42.1,SL,-99.72,2,27.2,1,0,5,72.22,2,3
197,LONG,2025-10-29T02:37:00.000Z,49990.18,57.2,SL,-99.98,2,1.0,1,0,12,72.08,2,3
199,LONG,2025-10-29T04:37:00.000Z,49307.02,55.7,SL,-98.61,6,29.3,0,0,5,66.23,4,3
200,SHORT,2025-10-29T04:47:00.000Z,49056.61,31.3,SL,-98.11,10,45.2,0,0,2,67.57,4,3
201,LONG,2025-10-29T05:33:00.000Z,49403.35,65.9,SL,-98.81,11,49.2,0,0,5,69.36,5,3
202,SHORT,2025-10-29T06:10:00.000Z,49301.26,38.4,SL,-98.60,8,43.3,0,0,20,68.63,6,3
203,LONG,2025-10-29T06:41:00.000Z,49372.96,61.3,SL,-98.75,6,62.0,0,1,2,72.54,6,3
204,LONG,2025-10-29T06:56:00.000Z,49554.05,69.5,SL,-99.11,10,30.6,0,0,3,68.88,6,3
206,LONG,2025-10-29T08:53:00.000Z,49074.22,61.5,SL,-98.15,2,0.0,1,0,3,76.90,8,3
207,LONG,2025-10-29T09:29:00.000Z,49058.81,58.1,SL,-98.12,4,16.4,0,0,3,69.33,9,3
210,LONG,2025-10-29T10:17:00.000Z,49085.99,79.4,SL,-98.17,4,12.2,0,0,13,64.58,10,3
211,LONG,2025-10-29T11:03:00.000Z,49228.85,69.6,SL,-98.46,3,20.9,1,0,9,74.35,11,3
212,SHORT,2025-10-29T11:38:00.000Z,49085.00,38.0,SL,-98.17,8,62.7,0,1,16,75.86,11,3
214,LONG,2025-10-29T14:35:00.000Z,48800.21,70.7,SL,-97.60,4,31.6,0,0,8,64.65,14,3
215,SHORT,2025-10-29T15:18:00.000Z,48523.40,38.4,SL,-97.05,11,47.4,0,0,7,76.95,15,3
217,LONG,2025-10-29T16:53:00.000Z,48924.86,61.9,SL,-97.85,6,6.8,0,0,2,74.49,16,3
218,LONG,2025-10-29T17:05:00.000Z,49013.29,64.6,SL,-98.03,7,29.5,0,0,2,76.53,17,3
220,SHORT,2025-10-29T17:51:00.000Z,48552.77,26.7,SL,-97.11,5,4.7,0,0,9,71.25,17,3
221,SHORT,2025-10-29T18:16:00.000Z,48526.23,31.9,SL,-97.05,5,28.5,0,0,3,67.42,18,3
222,SHORT,2025-10-29T18:27:00.000Z,48383.97,32.9,SL,-96.77,7,32.1,0,0,3,68.00,18,3
223,LONG,2025-10-29T19:11:00.000Z,48695.95,65.0,SL,-97.39,3,9.2,1,0,20,75.13,19,3
224,SHORT,2025-10-29T19:50:00.000Z,48334.41,34.6,SL,-96.67,4,18.1,0,0,2,69.59,19,3
225,LONG,2025-10-29T20:13:00.000Z,48521.87,59.5,SL,-97.04,21,75.4,0,1,2,72.65,20,3
226,SHORT,2025-10-29T21:43:00.000Z,48222.76,41.6,SL,-96.45,3,33.8,1,0,12,72.58,21,3
228,SHORT,2025-10-29T22:08:00.000Z,47834.15,29.6,SL,-95.67,6,35.1,0,0,1,76.89,22,3
229,LONG,2025-10-29T23:07:00.000Z,48026.49,67.3,SL,-96.05,16,57.0,0,1,2,69.53,23,3
230,SHORT,2025-10-29T23:26:00.000Z,47737.01,34.9,SL,-95.47,5,8.7,0,0,10,80.67,23,3
231,SHORT,2025-10-30T00:05:00.000Z,47592.36,34.2,SL,-95.18,3,23.9,1,0,11,72.21,0,4
232,SHORT,2025-10-30T00:27:00.000Z,47464.68,31.9,SL,-94.93,5,16.0,0,0,5,67.19,0,4
234,LONG,2025-10-30T00:53:00.000Z,47983.54,70.7,SL,-95.97,5,1.6,0,0,7,72.03,0,4
236,LONG,2025-10-30T03:24:00.000Z,49229.38,58.6,SL,-98.46,14,89.5,0,1,3,69.04,3,4
237,SHORT,2025-10-30T05:37:00.000Z,49822.52,37.2,SL,-99.65,13,63.9,0,1,6,73.84,5,4
238,SHORT,2025-10-30T06:19:00.000Z,49878.54,43.2,SL,-99.76,1,9.2,1,0,11,74.99,6,4
239,LONG,2025-10-30T06:30:00.000Z,50122.03,58.8,SL,-100.24,2,21.4,1,0,10,82.16,6,4
241,LONG,2025-10-30T07:24:00.000Z,49771.83,61.5,SL,-99.54,1,4.8,1,0,8,66.50,7,4
242,LONG,2025-10-30T07:32:00.000Z,49784.07,60.4,SL,-99.57,4,14.8,0,0,7,69.03,7,4
243,SHORT,2025-10-30T07:55:00.000Z,49554.81,38.6,SL,-99.11,10,18.8,0,0,20,67.36,7,4
244,LONG,2025-10-30T08:13:00.000Z,49716.26,59.3,SL,-99.43,6,52.9,0,1,20,69.94,8,4
246,SHORT,2025-10-30T08:58:00.000Z,49046.66,36.4,SL,-98.09,8,26.2,0,0,3,69.73,8,4
249,SHORT,2025-10-30T11:11:00.000Z,48023.21,43.3,SL,-96.05,4,13.8,0,0,1,65.04,11,4
252,SHORT,2025-10-30T12:21:00.000Z,47828.20,33.8,SL,-95.66,20,81.0,0,1,4,68.74,12,4
253,LONG,2025-10-30T12:42:00.000Z,47941.66,61.9,SL,-95.88,3,20.3,1,0,2,68.67,12,4
254,SHORT,2025-10-30T13:06:00.000Z,47618.00,39.3,SL,-95.24,2,9.0,1,0,3,65.21,13,4
255,SHORT,2025-10-30T13:11:00.000Z,47565.42,32.1,SL,-95.13,24,53.5,0,1,8,65.95,13,4
258,LONG,2025-10-30T14:20:00.000Z,48110.51,65.8,SL,-96.22,2,16.9,1,0,6,62.26,14,4
259,SHORT,2025-10-30T14:30:00.000Z,47890.69,39.5,SL,-95.78,13,44.5,0,0,16,71.91,14,4
260,LONG,2025-10-30T14:58:00.000Z,48161.07,64.6,SL,-96.32,13,73.7,0,1,1,71.02,14,4
261,LONG,2025-10-30T17:03:00.000Z,49008.31,72.3,SL,-98.02,5,45.4,0,0,3,63.71,17,4
262,LONG,2025-10-30T17:25:00.000Z,49038.28,64.8,SL,-98.08,4,3.5,0,0,7,62.86,17,4
264,SHORT,2025-10-30T18:35:00.000Z,47874.79,30.1,SL,-95.75,9,75.9,0,1,7,66.84,18,4
265,LONG,2025-10-30T18:54:00.000Z,48150.57,68.0,SL,-96.30,5,9.8,0,0,2,65.69,18,4
266,LONG,2025-10-30T19:24:00.000Z,48110.49,57.8,SL,-96.22,3,20.2,1,0,6,76.32,19,4
268,SHORT,2025-10-30T20:37:00.000Z,48077.85,37.1,SL,-96.16,9,45.5,0,0,4,67.90,20,4
269,SHORT,2025-10-30T20:56:00.000Z,47960.56,34.3,SL,-95.92,5,2.3,0,0,8,66.77,20,4
270,SHORT,2025-10-30T21:18:00.000Z,47900.76,31.8,SL,-95.80,1,26.5,1,0,6,64.11,21,4
271,SHORT,2025-10-30T21:32:00.000Z,47825.46,35.7,SL,-95.65,5,1.9,0,0,6,76.86,21,4
273,SHORT,2025-10-30T22:51:00.000Z,47097.82,32.9,SL,-94.20,17,56.1,0,1,9,62.84,22,4
274,LONG,2025-10-30T23:12:00.000Z,47224.77,57.8,SL,-94.45,6,11.3,0,0,10,66.67,23,4
275,SHORT,2025-10-30T23:25:00.000Z,47022.59,42.0,SL,-94.05,2,0.0,1,0,7,65.33,23,4
276,LONG,2025-10-30T23:42:00.000Z,47290.62,59.9,SL,-94.58,27,89.6,0,1,15,73.32,23,4
277,SHORT,2025-10-31T00:10:00.000Z,47098.47,35.1,SL,-94.20,3,16.2,1,0,7,60.87,0,5
279,LONG,2025-10-31T00:49:00.000Z,47411.80,80.0,SL,-94.82,2,13.1,1,0,5,65.32,0,5
280,SHORT,2025-10-31T01:21:00.000Z,46933.11,29.8,SL,-93.87,9,18.7,0,0,1,69.96,1,5
283,SHORT,2025-10-31T03:19:00.000Z,47719.35,27.2,SL,-95.44,2,1.1,1,0,8,67.57,3,5
285,SHORT,2025-10-31T04:15:00.000Z,48036.06,34.2,SL,-96.07,2,17.7,1,0,5,70.39,4,5
286,LONG,2025-10-31T04:28:00.000Z,48494.52,72.6,SL,-96.99,3,1.1,1,0,1,74.03,4,5
288,SHORT,2025-10-31T05:16:00.000Z,48647.17,39.9,SL,-97.29,1,9.1,1,0,2,70.98,5,5
289,SHORT,2025-10-31T05:56:00.000Z,48612.49,31.0,SL,-97.22,22,71.7,0,1,4,61.62,5,5
291,SHORT,2025-10-31T06:58:00.000Z,48154.54,35.5,SL,-96.31,4,14.0,0,0,2,68.67,6,5
293,LONG,2025-10-31T07:58:00.000Z,49033.96,66.8,SL,-98.07,5,13.0,0,0,4,72.61,7,5
294,SHORT,2025-10-31T08:08:00.000Z,48771.50,37.8,SL,-97.54,29,76.8,0,1,2,66.39,8,5
297,SHORT,2025-10-31T10:04:00.000Z,49030.68,35.7,SL,-98.06,6,51.3,0,1,2,75.64,10,5
300,SHORT,2025-10-31T12:18:00.000Z,49707.61,32.8,SL,-99.42,2,7.0,1,0,7,68.97,12,5
301,SHORT,2025-10-31T12:33:00.000Z,49589.09,32.5,SL,-99.18,5,20.4,0,0,20,76.38,12,5
302,LONG,2025-10-31T12:55:00.000Z,49791.03,56.3,SL,-99.58,7,53.6,0,1,7,77.95,12,5
304,SHORT,2025-10-31T13:52:00.000Z,48818.74,30.1,SL,-97.64,8,22.2,0,0,4,74.65,13,5
305,SHORT,2025-10-31T14:03:00.000Z,48744.70,37.1,SL,-97.49,4,19.8,0,0,3,74.35,14,5
306,SHORT,2025-10-31T14:14:00.000Z,48650.30,29.2,SL,-97.30,4,28.5,0,0,10,69.49,14,5
309,SHORT,2025-10-31T16:31:00.000Z,49452.93,36.3,SL,-98.91,3,4.6,1,0,3,76.48,16,5
310,LONG,2025-10-31T16:45:00.000Z,49723.99,66.1,SL,-99.45,4,2.2,0,0,3,71.57,16,5
311,SHORT,2025-10-31T17:27:00.000Z,49281.04,41.1,SL,-98.56,4,30.9,0,0,9,66.86,17,5
312,SHORT,2025-10-31T17:38:00.000Z,49217.96,37.7,SL,-98.44,5,18.3,0,0,20,70.51,17,5
313,SHORT,2025-10-31T17:46:00.000Z,49130.50,34.2,SL,-98.26,9,49.9,0,0,20,75.58,17,5
314,LONG,2025-10-31T18:17:00.000Z,49490.19,69.5,SL,-98.98,4,33.9,0,0,6,69.76,18,5
315,SHORT,2025-10-31T18:30:00.000Z,49208.40,39.6,SL,-98.42,3,8.3,1,0,7,77.50,18,5
316,LONG,2025-10-31T18:52:00.000Z,49360.51,55.9,SL,-98.72,8,25.9,0,0,11,70.93,18,5
317,SHORT,2025-10-31T19:03:00.000Z,49121.32,37.6,SL,-98.24,6,48.5,0,0,10,76.66,19,5
318,LONG,2025-10-31T20:25:00.000Z,48965.96,65.5,SL,-97.93,11,45.6,0,0,17,65.55,20,5
319,LONG,2025-10-31T20:40:00.000Z,49104.03,64.1,SL,-98.21,17,96.3,0,1,5,70.62,20,5
321,LONG,2025-10-31T22:39:00.000Z,49272.88,57.9,SL,-98.55,6,18.3,0,0,4,72.43,22,5
322,LONG,2025-10-31T22:51:00.000Z,49387.17,64.3,SL,-98.77,8,57.3,0,1,6,72.77,22,5
324,LONG,2025-10-31T23:34:00.000Z,49160.91,58.2,SL,-98.32,11,77.6,0,1,2,63.37,23,5
325,LONG,2025-11-01T00:15:00.000Z,49210.87,59.9,SL,-98.42,11,99.3,0,1,2,83.93,0,6
326,LONG,2025-11-01T00:59:00.000Z,49195.73,59.1,SL,-98.39,3,10.8,1,0,8,73.14,0,6
327,SHORT,2025-11-01T01:13:00.000Z,48822.50,31.5,SL,-97.64,7,30.6,0,0,12,72.93,1,6
328,SHORT,2025-11-01T01:47:00.000Z,48858.09,43.7,SL,-97.72,21,52.8,0,1,5,77.20,1,6
329,LONG,2025-11-01T02:10:00.000Z,48977.36,56.3,SL,-97.95,9,54.2,0,1,7,64.80,2,6
330,LONG,2025-11-01T02:22:00.000Z,49109.16,67.8,SL,-98.22,13,59.8,0,1,5,69.60,2,6
332,SHORT,2025-11-01T03:11:00.000Z,48246.54,17.0,SL,-96.49,5,8.6,0,0,2,69.77,3,6
334,LONG,2025-11-01T03:58:00.000Z,48812.66,68.8,SL,-97.63,2,0.0,1,0,8,70.95,3,6
335,SHORT,2025-11-01T04:33:00.000Z,48464.05,36.6,SL,-96.93,13,48.3,0,0,7,68.20,4,6
337,SHORT,2025-11-01T05:31:00.000Z,48630.73,38.8,SL,-97.26,3,19.2,1,0,11,67.07,5,6
338,SHORT,2025-11-01T05:52:00.000Z,48513.90,31.1,SL,-97.03,18,51.0,0,1,17,77.77,5,6
339,SHORT,2025-11-01T06:18:00.000Z,48423.24,36.3,SL,-96.85,15,54.8,0,1,5,65.13,6,6
340,LONG,2025-11-01T06:34:00.000Z,48595.38,62.5,SL,-97.19,2,0.0,1,0,3,68.95,6,6
341,LONG,2025-11-01T06:41:00.000Z,48635.85,59.7,SL,-97.27,3,0.0,1,0,3,71.16,6,6
342,SHORT,2025-11-01T06:52:00.000Z,48434.77,42.6,SL,-96.87,25,98.9,0,1,2,77.64,6,6
343,SHORT,2025-11-01T08:37:00.000Z,48686.58,40.9,SL,-97.37,2,26.1,1,0,11,68.43,8,6
344,LONG,2025-11-01T08:42:00.000Z,48883.05,63.9,SL,-97.77,6,31.8,0,0,16,61.85,8,6
347,SHORT,2025-11-01T10:56:00.000Z,48506.32,31.1,SL,-97.01,17,53.9,0,1,4,68.59,10,6
348,SHORT,2025-11-01T11:17:00.000Z,48345.40,30.6,SL,-96.69,8,50.8,0,1,6,71.74,11,6
349,LONG,2025-11-01T11:35:00.000Z,48519.30,56.4,SL,-97.04,13,42.2,0,0,4,72.26,11,6
350,SHORT,2025-11-01T11:51:00.000Z,48352.94,41.5,SL,-96.71,2,22.0,1,0,8,68.27,11,6
351,SHORT,2025-11-01T11:57:00.000Z,48312.87,42.0,SL,-96.63,3,17.3,1,0,8,72.41,11,6
353,SHORT,2025-11-01T13:04:00.000Z,47901.57,38.0,SL,-95.80,13,59.5,0,1,1,74.73,13,6
354,SHORT,2025-11-01T13:25:00.000Z,47634.12,29.0,SL,-95.27,32,88.5,0,1,2,79.42,13,6
355,LONG,2025-11-01T14:05:00.000Z,47782.19,64.6,SL,-95.56,1,0.0,1,0,4,62.37,14,6
358,LONG,2025-11-01T15:08:00.000Z,47049.50,56.4,SL,-94.10,6,20.4,0,0,10,62.98,15,6
359,LONG,2025-11-01T15:23:00.000Z,47132.27,60.6,SL,-94.26,12,47.8,0,0,20,71.96,15,6
362,SHORT,2025-11-01T16:43:00.000Z,46603.31,28.0,SL,-93.21,6,53.5,0,1,1,66.52,16,6
364,SHORT,2025-11-01T17:39:00.000Z,46179.17,32.3,SL,-92.36,8,55.0,0,1,3,73.25,17,6
365,LONG,2025-11-01T18:15:00.000Z,46626.97,69.7,SL,-93.25,2,0.0,1,0,1,65.15,18,6
366,LONG,2025-11-01T18:23:00.000Z,46708.12,67.7,SL,-93.42,6,24.2,0,0,6,68.65,18,6
368,SHORT,2025-11-01T18:54:00.000Z,46162.10,22.6,SL,-92.32,4,17.4,0,0,3,70.37,18,6
369,SHORT,2025-11-01T19:28:00.000Z,46192.74,40.1,SL,-92.39,1,0.0,1,0,3,67.78,19,6
370,LONG,2025-11-01T19:40:00.000Z,46490.09,63.5,SL,-92.98,4,56.8,0,1,11,71.40,19,6
371,SHORT,2025-11-01T20:06:00.000Z,46224.15,35.2,SL,-92.45,2,0.0,1,0,1,68.61,20,6
372,SHORT,2025-11-01T20:36:00.000Z,46229.02,37.7,SL,-92.46,12,49.1,0,0,4,63.82,20,6
373,LONG,2025-11-01T20:49:00.000Z,46424.14,61.0,SL,-92.85,2,3.9,1,0,4,69.36,20,6
374,LONG,2025-11-01T21:51:00.000Z,47061.17,60.4,SL,-94.12,2,19.9,1,0,13,58.68,21,6
375,LONG,2025-11-01T22:00:00.000Z,47067.19,61.3,SL,-94.13,4,15.0,0,0,20,60.02,22,6
376,SHORT,2025-11-01T22:05:00.000Z,46872.40,39.3,SL,-93.74,5,17.8,0,0,20,65.52,22,6
377,SHORT,2025-11-01T22:12:00.000Z,46797.94,37.1,SL,-93.60,10,36.8,0,0,14,65.77,22,6
378,SHORT,2025-11-01T23:55:00.000Z,46930.11,39.2,SL,-93.86,3,33.7,1,0,3,62.48,23,6
379,LONG,2025-11-02T00:22:00.000Z,47046.65,57.8,SL,-94.09,5,17.9,0,0,4,62.77,0,0
381,LONG,2025-11-02T01:30:00.000Z,47516.52,57.0,SL,-95.03,2,0.0,1,0,13,69.34,1,0
383,SHORT,2025-11-02T02:13:00.000Z,46982.90,30.4,SL,-93.97,6,1.3,0,0,20,61.45,2,0
384,LONG,2025-11-02T02:29:00.000Z,47136.15,56.6,SL,-94.27,2,16.8,1,0,4,60.81,2,0
385,SHORT,2025-11-02T02:39:00.000Z,46853.20,30.2,SL,-93.71,12,52.2,0,1,12,59.05,2,0
388,SHORT,2025-11-02T04:44:00.000Z,47209.75,37.0,SL,-94.42,5,15.5,0,0,8,63.19,4,0
390,SHORT,2025-11-02T06:20:00.000Z,47965.56,28.2,SL,-95.93,5,42.7,0,0,1,67.16,6,0
391,SHORT,2025-11-02T06:51:00.000Z,47742.17,35.6,SL,-95.48,10,77.1,0,1,8,66.37,6,0
392,SHORT,2025-11-02T07:28:00.000Z,47652.02,40.8,SL,-95.30,5,33.1,0,0,11,64.61,7,0
393,LONG,2025-11-02T07:42:00.000Z,47887.60,61.0,SL,-95.78,6,13.7,0,0,5,71.43,7,0
394,SHORT,2025-11-02T08:55:00.000Z,47688.67,33.2,SL,-95.38,2,10.6,1,0,7,65.49,8,0
397,SHORT,2025-11-02T10:15:00.000Z,48131.74,30.7,SL,-96.26,1,6.4,1,0,1,66.82,10,0
398,LONG,2025-11-02T10:24:00.000Z,48332.99,55.1,SL,-96.67,1,8.4,1,0,10,67.54,10,0
399,LONG,2025-11-02T10:44:00.000Z,48427.49,61.9,SL,-96.85,7,53.6,0,1,20,78.40,10,0
400,LONG,2025-11-02T11:05:00.000Z,48568.35,69.8,SL,-97.14,6,19.0,0,0,7,65.60,11,0
401,LONG,2025-11-02T11:21:00.000Z,48785.49,82.8,SL,-97.57,3,30.4,1,0,6,61.21,11,0
403,LONG,2025-11-02T11:51:00.000Z,49235.47,76.6,SL,-98.47,7,2.5,0,0,8,75.61,11,0
404,LONG,2025-11-02T12:39:00.000Z,49465.53,60.9,SL,-98.93,2,9.2,1,0,8,65.82,12,0
405,SHORT,2025-11-02T12:48:00.000Z,49287.96,41.3,SL,-98.58,3,7.2,1,0,17,65.13,12,0
406,LONG,2025-11-02T12:53:00.000Z,49475.33,62.0,SL,-98.95,3,6.4,1,0,20,68.61,12,0
407,SHORT,2025-11-02T13:00:00.000Z,49220.25,39.1,SL,-98.44,10,49.1,0,0,20,65.79,13,0
408,SHORT,2025-11-02T13:32:00.000Z,48985.30,35.4,SL,-97.97,11,94.2,0,1,5,68.14,13,0
409,LONG,2025-11-02T14:09:00.000Z,49126.35,64.5,SL,-98.25,3,28.8,1,0,3,72.78,14,0
410,LONG,2025-11-02T14:19:00.000Z,49183.30,61.8,SL,-98.37,3,0.0,1,0,5,73.72,14,0
412,SHORT,2025-11-02T15:12:00.000Z,48503.06,38.0,SL,-97.01,6,23.9,0,0,11,70.53,15,0
413,SHORT,2025-11-02T15:24:00.000Z,48385.07,34.8,SL,-96.77,9,18.4,0,0,1,70.95,15,0
415,LONG,2025-11-02T16:08:00.000Z,48284.02,60.8,SL,-96.57,11,81.2,0,1,3,63.43,16,0
416,LONG,2025-11-02T17:19:00.000Z,48833.15,63.1,SL,-97.67,14,33.5,0,0,12,69.10,17,0
418,LONG,2025-11-02T18:12:00.000Z,48713.60,65.1,SL,-97.43,6,39.5,0,0,3,69.69,18,0
419,LONG,2025-11-02T18:46:00.000Z,48777.44,60.4,SL,-97.55,4,0.0,0,0,10,67.55,18,0
420,SHORT,2025-11-02T18:57:00.000Z,48419.67,33.9,SL,-96.84,9,21.0,0,0,8,68.35,18,0
421,LONG,2025-11-02T19:21:00.000Z,48583.39,55.3,SL,-97.17,3,13.5,1,0,6,70.84,19,0
426,LONG,2025-11-02T23:06:00.000Z,47807.05,61.6,SL,-95.61,20,80.4,0,1,19,65.88,23,0
427,LONG,2025-11-03T00:02:00.000Z,48071.12,61.8,SL,-96.14,9,45.7,0,0,6,71.05,0,1
430,SHORT,2025-11-03T01:09:00.000Z,47305.87,32.0,SL,-94.61,7,31.2,0,0,8,76.53,1,1
431,LONG,2025-11-03T01:30:00.000Z,47589.63,66.0,SL,-95.18,2,0.4,1,0,1,63.45,1,1
433,LONG,2025-11-03T02:40:00.000Z,47347.36,56.4,SL,-94.69,16,64.2,0,1,7,63.76,2,1
434,SHORT,2025-11-03T02:58:00.000Z,47201.53,39.6,SL,-94.40,6,44.0,0,0,9,66.67,2,1
435,LONG,2025-11-03T03:10:00.000Z,47435.82,63.1,SL,-94.87,3,18.0,1,0,2,69.45,3,1
437,LONG,2025-11-03T03:44:00.000Z,47170.99,55.3,SL,-94.34,3,10.6,1,0,1,69.02,3,1
438,SHORT,2025-11-03T04:01:00.000Z,46898.66,40.6,SL,-93.80,3,5.7,1,0,1,72.31,4,1
439,LONG,2025-11-03T04:22:00.000Z,47141.52,60.6,SL,-94.28,15,77.2,0,1,18,64.36,4,1
440,SHORT,2025-11-03T05:05:00.000Z,46773.66,30.4,SL,-93.55,2,12.5,1,0,5,64.12,5,1
442,SHORT,2025-11-03T05:35:00.000Z,46848.13,42.9,SL,-93.70,7,32.7,0,0,1,70.01,5,1
443,LONG,2025-11-03T06:20:00.000Z,46962.66,56.4,SL,-93.93,4,4.5,0,0,6,64.74,6,1
445,LONG,2025-11-03T07:08:00.000Z,46623.74,63.6,SL,-93.25,21,88.1,0,1,11,72.80,7,1
446,SHORT,2025-11-03T07:30:00.000Z,46457.95,40.5,SL,-92.92,7,51.6,0,1,1,74.68,7,1
447,SHORT,2025-11-03T08:35:00.000Z,46415.27,40.8,SL,-92.83,1,1.5,1,0,9,72.45,8,1
448,SHORT,2025-11-03T08:42:00.000Z,46335.74,37.3,SL,-92.67,7,95.4,0,1,9,76.26,8,1
451,LONG,2025-11-03T11:16:00.000Z,45359.22,62.5,SL,-90.72,3,1.0,1,0,7,67.09,11,1
453,SHORT,2025-11-03T12:37:00.000Z,46459.58,38.9,SL,-92.92,3,7.8,1,0,6,65.65,12,1
455,SHORT,2025-11-03T13:22:00.000Z,46082.69,38.6,SL,-92.17,6,37.1,0,0,6,64.30,13,1
456,SHORT,2025-11-03T13:51:00.000Z,46063.26,38.4,SL,-92.13,8,16.6,0,0,2,61.26,13,1
457,LONG,2025-11-03T14:15:00.000Z,46170.58,57.3,SL,-92.34,3,27.6,1,0,16,60.59,14,1
459,SHORT,2025-11-03T14:27:00.000Z,45627.85,20.3,SL,-91.26,4,14.7,0,0,15,65.60,14,1
462,SHORT,2025-11-03T18:44:00.000Z,43123.56,29.0,SL,-86.25,1,0.0,1,0,8,61.39,18,1
464,LONG,2025-11-03T19:40:00.000Z,43011.01,63.1,SL,-86.02,11,39.3,0,0,8,55.96,19,1
466,SHORT,2025-11-03T22:04:00.000Z,43530.13,39.0,SL,-87.06,11,99.3,0,1,12,62.68,22,1
468,SHORT,2025-11-03T22:50:00.000Z,43262.61,23.9,SL,-86.53,2,5.6,1,0,4,62.43,22,1
469,SHORT,2025-11-03T23:49:00.000Z,43150.65,37.7,SL,-86.30,14,78.0,0,1,3,58.76,23,1
470,LONG,2025-11-04T00:09:00.000Z,43397.71,65.7,SL,-86.80,9,67.5,0,1,1,69.13,0,2
471,SHORT,2025-11-04T00:36:00.000Z,43159.24,40.8,SL,-86.32,6,39.3,0,0,2,68.17,0,2
472,SHORT,2025-11-04T00:55:00.000Z,42973.59,32.0,SL,-85.95,3,23.9,1,0,3,59.78,0,2
473,SHORT,2025-11-04T01:42:00.000Z,42465.82,31.8,SL,-84.93,19,77.3,0,1,6,63.61,1,2
474,LONG,2025-11-04T02:02:00.000Z,42599.36,60.7,SL,-85.20,12,87.4,0,1,1,57.19,2,2
476,LONG,2025-11-04T02:58:00.000Z,42671.27,65.4,SL,-85.34,2,0.0,1,0,4,63.63,2,2
481,SHORT,2025-11-04T06:02:00.000Z,41773.91,44.1,SL,-83.55,2,14.3,1,0,8,64.80,6,2
483,SHORT,2025-11-04T07:18:00.000Z,42142.47,38.3,SL,-84.28,3,4.5,1,0,12,61.17,7,2
484,SHORT,2025-11-04T07:53:00.000Z,42098.64,34.7,SL,-84.20,5,64.1,0,1,3,59.41,7,2
488,LONG,2025-11-04T10:12:00.000Z,42531.73,63.2,SL,-85.06,11,66.8,0,1,4,62.64,10,2
489,SHORT,2025-11-04T10:32:00.000Z,42367.00,40.5,SL,-84.73,8,28.4,0,0,2,65.94,10,2
490,SHORT,2025-11-04T10:43:00.000Z,42229.05,33.9,SL,-84.46,21,62.6,0,1,3,64.67,10,2
491,LONG,2025-11-04T11:05:00.000Z,42340.40,57.8,SL,-84.68,8,58.4,0,1,5,67.67,11,2
493,LONG,2025-11-04T11:36:00.000Z,42791.67,76.5,SL,-85.58,36,99.6,0,1,6,64.30,11,2
495,SHORT,2025-11-04T13:35:00.000Z,42782.09,42.0,SL,-85.56,11,70.0,0,1,12,69.87,13,2
498,SHORT,2025-11-04T15:04:00.000Z,42162.31,33.4,SL,-84.32,5,18.0,0,0,5,55.11,15,2
500,LONG,2025-11-04T16:10:00.000Z,42092.64,61.5,SL,-84.19,14,82.3,0,1,2,59.64,16,2
503,SHORT,2025-11-04T18:29:00.000Z,42569.98,42.2,SL,-85.14,2,12.9,1,0,7,60.60,18,2
508,LONG,2025-11-04T20:34:00.000Z,43699.10,61.5,SL,-87.40,7,22.3,0,0,7,65.66,20,2
511,LONG,2025-11-04T22:52:00.000Z,44534.64,60.7,SL,-89.07,6,38.7,0,0,6,59.16,22,2
512,SHORT,2025-11-04T23:13:00.000Z,44348.02,39.2,SL,-88.70,12,43.9,0,0,19,63.40,23,2
513,LONG,2025-11-04T23:34:00.000Z,44464.67,56.3,SL,-88.93,7,41.1,0,0,11,70.33,23,2
514,LONG,2025-11-05T00:01:00.000Z,44535.63,63.4,SL,-89.07,44,89.7,0,1,5,56.43,0,3
515,SHORT,2025-11-05T00:46:00.000Z,44443.15,34.3,SL,-88.89,3,25.4,1,0,20,62.87,0,3
516,LONG,2025-11-05T01:34:00.000Z,44732.60,66.8,SL,-89.47,23,87.2,0,1,8,62.47,1,3
517,SHORT,2025-11-05T02:00:00.000Z,44619.70,44.3,SL,-89.24,2,12.1,1,0,5,67.28,2,3
519,SHORT,2025-11-05T02:41:00.000Z,44751.58,39.5,SL,-89.50,3,10.6,1,0,7,68.70,2,3
520,SHORT,2025-11-05T03:12:00.000Z,44540.59,32.8,SL,-89.08,9,14.8,0,0,5,58.70,3,3
521,LONG,2025-11-05T03:27:00.000Z,44721.62,62.5,SL,-89.44,8,34.6,0,0,7,60.92,3,3
523,SHORT,2025-11-05T04:15:00.000Z,44160.80,37.6,SL,-88.32,1,0.2,1,0,3,64.41,4,3
526,SHORT,2025-11-05T06:02:00.000Z,44255.00,40.7,SL,-88.51,4,0.0,0,0,13,66.27,6,3
527,LONG,2025-11-05T06:08:00.000Z,44441.51,58.6,SL,-88.88,6,29.4,0,0,19,64.46,6,3
530,SHORT,2025-11-05T07:27:00.000Z,43619.34,30.5,SL,-87.24,2,0.0,1,0,6,60.15,7,3
532,SHORT,2025-11-05T08:16:00.000Z,43424.20,39.9,SL,-86.85,3,5.2,1,0,20,55.07,8,3
534,LONG,2025-11-05T08:42:00.000Z,43786.31,73.4,SL,-87.57,7,37.0,0,0,1,58.96,8,3
538,LONG,2025-11-05T10:39:00.000Z,43443.97,56.3,SL,-86.89,2,5.6,1,0,4,64.70,10,3
539,LONG,2025-11-05T10:45:00.000Z,43486.58,67.8,SL,-86.97,25,42.1,0,0,7,66.95,10,3
543,LONG,2025-11-05T14:23:00.000Z,43633.04,57.7,SL,-87.27,19,70.2,0,1,1,64.37,14,3
544,LONG,2025-11-05T14:55:00.000Z,43672.40,56.3,SL,-87.34,8,43.5,0,0,9,58.68,14,3
546,LONG,2025-11-05T15:43:00.000Z,43842.12,68.8,SL,-87.68,1,0.0,1,0,1,65.15,15,3
548,LONG,2025-11-05T16:09:00.000Z,44150.49,74.0,SL,-88.30,2,11.2,1,0,15,66.00,16,3
553,SHORT,2025-11-05T19:58:00.000Z,42993.92,37.0,SL,-85.99,2,0.0,1,0,6,63.96,19,3
554,LONG,2025-11-05T20:16:00.000Z,43191.70,57.4,SL,-86.38,9,79.7,0,1,2,66.76,20,3
556,LONG,2025-11-05T21:03:00.000Z,43503.68,70.8,SL,-87.01,2,3.3,1,0,4,62.65,21,3
557,LONG,2025-11-05T21:10:00.000Z,43544.33,63.5,SL,-87.09,2,0.3,1,0,11,68.95,21,3
558,SHORT,2025-11-05T21:32:00.000Z,43353.87,33.0,SL,-86.71,3,7.4,1,0,6,62.01,21,3
560,LONG,2025-11-05T21:57:00.000Z,43782.15,70.6,SL,-87.56,12,5.4,0,0,4,64.58,21,3
562,SHORT,2025-11-05T23:02:00.000Z,43838.82,36.9,SL,-87.68,7,51.6,0,1,9,67.50,23,3
564,LONG,2025-11-05T23:45:00.000Z,44048.82,64.5,SL,-88.10,7,28.1,0,0,4,62.34,23,3
565,SHORT,2025-11-06T00:12:00.000Z,43929.21,44.8,SL,-87.86,12,34.1,0,0,11,62.04,0,4
566,LONG,2025-11-06T00:44:00.000Z,44145.16,67.0,SL,-88.29,6,20.1,0,0,20,68.55,0,4
569,LONG,2025-11-06T02:46:00.000Z,44694.74,66.6,SL,-89.39,2,0.0,1,0,2,62.32,2,4
571,LONG,2025-11-06T03:38:00.000Z,45588.66,71.0,SL,-91.18,14,66.9,0,1,2,63.74,3,4
572,LONG,2025-11-06T04:23:00.000Z,45762.72,62.2,SL,-91.53,5,10.9,0,0,10,70.86,4,4
573,SHORT,2025-11-06T05:11:00.000Z,45590.72,40.1,SL,-91.18,8,27.1,0,0,20,58.94,5,4
575,SHORT,2025-11-06T05:43:00.000Z,45697.99,42.0,SL,-91.40,8,54.7,0,1,1,70.36,5,4
576,LONG,2025-11-06T07:09:00.000Z,46026.61,61.1,SL,-92.05,32,94.2,0,1,2,67.89,7,4
577,LONG,2025-11-06T08:02:00.000Z,46185.56,61.1,SL,-92.37,3,12.5,1,0,1,61.97,8,4
578,SHORT,2025-11-06T08:09:00.000Z,45974.39,39.9,SL,-91.95,5,21.7,0,0,8,62.47,8,4
579,SHORT,2025-11-06T08:21:00.000Z,45832.48,31.4,SL,-91.66,5,46.6,0,0,9,70.06,8,4
580,SHORT,2025-11-06T08:45:00.000Z,45818.98,34.0,SL,-91.64,7,45.5,0,0,1,71.26,8,4
581,SHORT,2025-11-06T09:29:00.000Z,45631.69,39.2,SL,-91.26,4,9.5,0,0,17,62.13,9,4
582,LONG,2025-11-06T09:44:00.000Z,45795.29,58.5,SL,-91.59,2,24.2,1,0,20,60.75,9,4
583,SHORT,2025-11-06T10:06:00.000Z,45570.73,39.0,SL,-91.14,5,46.3,0,0,20,63.37,10,4
586,SHORT,2025-11-06T11:28:00.000Z,44882.84,43.7,SL,-89.77,4,5.6,0,0,6,67.63,11,4
587,LONG,2025-11-06T11:38:00.000Z,45127.50,59.8,SL,-90.25,1,0.0,1,0,16,65.32,11,4
589,SHORT,2025-11-06T12:57:00.000Z,45514.16,41.5,SL,-91.03,2,0.7,1,0,2,66.70,12,4
590,SHORT,2025-11-06T13:09:00.000Z,45472.62,33.3,SL,-90.95,14,78.7,0,1,2,74.82,13,4
591,LONG,2025-11-06T14:15:00.000Z,45890.34,66.6,SL,-91.78,1,0.0,1,0,12,64.18,14,4
595,SHORT,2025-11-06T15:37:00.000Z,46387.77,43.8,SL,-92.78,2,12.8,1,0,7,67.32,15,4
597,SHORT,2025-11-06T16:16:00.000Z,46396.18,41.4,SL,-92.79,4,48.4,0,0,1,75.67,16,4
600,LONG,2025-11-06T17:14:00.000Z,46087.88,58.0,SL,-92.18,4,7.9,0,0,3,67.70,17,4
602,SHORT,2025-11-06T17:56:00.000Z,46116.95,39.7,SL,-92.23,2,4.4,1,0,13,69.66,17,4
603,LONG,2025-11-06T18:19:00.000Z,46278.87,57.1,SL,-92.56,1,0.0,1,0,14,66.07,18,4
604,SHORT,2025-11-06T18:26:00.000Z,46102.82,43.9,SL,-92.21,18,84.6,0,1,20,65.74,18,4
605,LONG,2025-11-06T18:45:00.000Z,46226.41,61.2,SL,-92.45,2,1.8,1,0,8,61.20,18,4
606,LONG,2025-11-06T19:16:00.000Z,46154.01,59.3,SL,-92.31,11,91.0,0,1,11,61.28,19,4
607,SHORT,2025-11-06T20:13:00.000Z,45827.61,40.3,SL,-91.66,13,37.8,0,0,20,69.79,20,4
610,SHORT,2025-11-06T21:16:00.000Z,45161.53,31.1,SL,-90.32,9,90.9,0,1,3,57.43,21,4
611,SHORT,2025-11-06T21:59:00.000Z,45016.18,36.7,SL,-90.03,11,43.3,0,0,14,64.57,21,4
613,SHORT,2025-11-06T22:59:00.000Z,44633.61,31.6,SL,-89.27,6,27.2,0,0,4,62.41,22,4
617,SHORT,2025-11-07T00:29:00.000Z,45435.06,41.4,SL,-90.87,21,52.5,0,1,3,69.63,0,5
618,LONG,2025-11-07T00:57:00.000Z,45579.87,57.4,SL,-91.16,2,1.1,1,0,11,67.85,0,5
619,LONG,2025-11-07T01:12:00.000Z,45615.25,62.1,SL,-91.23,1,5.0,1,0,20,66.85,1,5
621,SHORT,2025-11-07T02:14:00.000Z,45059.56,42.8,SL,-90.12,2,10.2,1,0,8,59.21,2,5
622,LONG,2025-11-07T02:25:00.000Z,45348.53,68.2,SL,-90.70,17,85.0,0,1,9,58.43,2,5
623,SHORT,2025-11-07T03:17:00.000Z,44985.17,35.9,SL,-89.97,8,45.3,0,0,9,67.07,3,5
625,LONG,2025-11-07T04:30:00.000Z,45482.49,62.2,SL,-90.96,4,48.6,0,0,2,67.19,4,5
626,SHORT,2025-11-07T04:57:00.000Z,45196.04,36.6,SL,-90.39,2,10.7,1,0,5,59.46,4,5
628,SHORT,2025-11-07T05:29:00.000Z,44966.84,28.8,SL,-89.93,1,0.0,1,0,8,63.04,5,5
631,LONG,2025-11-07T07:15:00.000Z,44966.49,63.9,SL,-89.93,9,40.9,0,0,12,60.30,7,5
632,SHORT,2025-11-07T07:27:00.000Z,44787.74,38.5,SL,-89.58,4,23.0,0,0,20,64.47,7,5
634,LONG,2025-11-07T08:30:00.000Z,45302.69,59.7,SL,-90.61,22,74.6,0,1,2,67.00,8,5
638,SHORT,2025-11-07T13:31:00.000Z,43954.61,31.7,SL,-87.91,6,31.0,0,0,6,57.22,13,5
639,LONG,2025-11-07T13:47:00.000Z,44175.02,59.7,SL,-88.35,8,62.1,0,1,2,60.23,13,5
641,SHORT,2025-11-07T14:41:00.000Z,43552.70,32.4,SL,-87.11,28,82.5,0,1,3,67.78,14,5
643,LONG,2025-11-07T15:17:00.000Z,43874.75,72.9,SL,-87.75,2,16.8,1,0,11,62.30,15,5
645,LONG,2025-11-07T16:30:00.000Z,44115.97,61.4,SL,-88.23,3,14.8,1,0,16,64.65,16,5
646,SHORT,2025-11-07T16:43:00.000Z,43955.00,41.5,SL,-87.91,13,77.0,0,1,20,62.32,16,5
647,LONG,2025-11-07T17:23:00.000Z,44085.99,60.4,SL,-88.17,2,0.3,1,0,17,60.28,17,5
648,SHORT,2025-11-07T17:40:00.000Z,43939.66,40.0,SL,-87.88,8,74.8,0,1,20,59.07,17,5
649,LONG,2025-11-07T17:49:00.000Z,44122.01,66.7,SL,-88.24,6,22.2,0,0,3,60.02,17,5
650,LONG,2025-11-07T18:16:00.000Z,44147.78,64.5,SL,-88.30,17,55.7,0,1,5,67.20,18,5
652,LONG,2025-11-07T19:59:00.000Z,44114.02,67.4,SL,-88.23,17,82.1,0,1,3,64.14,19,5
653,SHORT,2025-11-07T20:17:00.000Z,43971.85,39.1,SL,-87.94,10,31.1,0,0,2,64.92,20,5
654,SHORT,2025-11-07T21:08:00.000Z,43902.25,31.9,SL,-87.80,28,87.3,0,1,10,69.00,21,5
655,LONG,2025-11-07T21:37:00.000Z,44054.29,62.7,SL,-88.11,1,5.6,1,0,6,60.94,21,5
656,SHORT,2025-11-07T22:12:00.000Z,43884.54,44.6,SL,-87.77,6,12.2,0,0,2,68.08,22,5
657,LONG,2025-11-07T22:51:00.000Z,44238.67,64.4,SL,-88.48,11,34.1,0,0,11,61.84,22,5
659,SHORT,2025-11-07T23:14:00.000Z,43808.32,24.7,SL,-87.62,3,14.5,1,0,11,62.19,23,5
660,SHORT,2025-11-07T23:53:00.000Z,43678.19,34.3,SL,-87.36,7,32.3,0,0,3,63.65,23,5
663,SHORT,2025-11-08T00:45:00.000Z,42951.34,34.7,SL,-85.90,4,21.5,0,0,6,65.25,0,6
664,SHORT,2025-11-08T00:58:00.000Z,42891.49,36.1,SL,-85.78,5,20.0,0,0,19,60.50,0,6
665,LONG,2025-11-08T01:13:00.000Z,43040.01,59.5,SL,-86.08,15,84.5,0,1,3,58.76,1,6
666,SHORT,2025-11-08T02:49:00.000Z,43064.39,36.7,SL,-86.13,3,11.1,1,0,6,56.05,2,6
667,LONG,2025-11-08T02:56:00.000Z,43280.20,67.1,SL,-86.56,19,37.9,0,0,13,54.96,2,6
668,SHORT,2025-11-08T03:23:00.000Z,43161.06,43.5,SL,-86.32,1,0.3,1,0,14,56.01,3,6
669,LONG,2025-11-08T03:31:00.000Z,43383.17,62.8,SL,-86.77,8,53.2,0,1,19,61.54,3,6
670,SHORT,2025-11-08T03:45:00.000Z,43147.63,38.5,SL,-86.30,7,4.0,0,0,5,68.55,3,6
671,SHORT,2025-11-08T05:04:00.000Z,42799.53,28.5,SL,-85.60,11,35.9,0,0,9,55.21,5,6
672,LONG,2025-11-08T05:18:00.000Z,42944.29,60.4,SL,-85.89,2,24.6,1,0,20,56.54,5,6
673,LONG,2025-11-08T05:38:00.000Z,42958.43,68.9,SL,-85.92,1,0.0,1,0,6,64.16,5,6
674,LONG,2025-11-08T05:56:00.000Z,43067.69,66.8,SL,-86.14,6,34.7,0,0,3,66.78,5,6
675,SHORT,2025-11-08T06:08:00.000Z,42859.69,38.3,SL,-85.72,3,30.3,1,0,7,71.02,6,6
679,SHORT,2025-11-08T08:18:00.000Z,42108.12,35.7,SL,-84.22,7,12.6,0,0,5,55.64,8,6
682,LONG,2025-11-08T09:45:00.000Z,41793.40,60.6,SL,-83.59,6,34.7,0,0,8,57.83,9,6
683,LONG,2025-11-08T10:11:00.000Z,41800.58,63.9,SL,-83.60,11,57.7,0,1,4,59.48,10,6
684,SHORT,2025-11-08T11:25:00.000Z,41438.83,33.1,SL,-82.88,6,48.9,0,0,3,58.55,11,6
686,LONG,2025-11-08T12:21:00.000Z,42073.44,75.5,SL,-84.15,16,58.6,0,1,8,60.19,12,6
687,SHORT,2025-11-08T13:58:00.000Z,42405.06,35.0,SL,-84.81,4,20.2,0,0,6,57.20,13,6
690,LONG,2025-11-08T15:17:00.000Z,42102.64,56.8,SL,-84.21,28,91.2,0,1,8,54.69,15,6
692,LONG,2025-11-08T16:49:00.000Z,41940.75,60.3,SL,-83.88,1,12.0,1,0,7,58.71,16,6
693,LONG,2025-11-08T16:57:00.000Z,41995.28,64.4,SL,-83.99,2,0.0,1,0,7,61.77,16,6
694,LONG,2025-11-08T17:02:00.000Z,42064.58,66.1,SL,-84.13,2,11.0,1,0,1,62.26,17,6
696,LONG,2025-11-08T18:00:00.000Z,41984.37,60.7,SL,-83.97,19,56.8,0,1,3,60.27,18,6
698,SHORT,2025-11-08T18:32:00.000Z,41630.56,20.5,SL,-83.26,1,7.8,1,0,13,55.46,18,6
700,SHORT,2025-11-08T19:25:00.000Z,42042.64,36.8,SL,-84.09,4,29.2,0,0,2,59.76,19,6
701,LONG,2025-11-08T19:56:00.000Z,42281.83,64.3,SL,-84.56,4,31.0,0,0,8,66.02,19,6
702,SHORT,2025-11-08T20:15:00.000Z,42051.92,36.5,SL,-84.10,12,62.1,0,1,10,60.20,20,6
703,LONG,2025-11-08T20:29:00.000Z,42237.68,62.0,SL,-84.48,2,10.3,1,0,6,59.88,20,6
704,LONG,2025-11-08T21:06:00.000Z,42089.49,56.5,SL,-84.18,3,23.8,1,0,6,67.31,21,6
705,SHORT,2025-11-08T21:18:00.000Z,41867.59,37.1,SL,-83.74,6,33.6,0,0,10,64.23,21,6
708,LONG,2025-11-08T22:51:00.000Z,42429.03,66.2,SL,-84.86,3,36.4,1,0,1,61.50,22,6
710,SHORT,2025-11-08T23:06:00.000Z,41992.32,28.2,SL,-83.98,6,14.3,0,0,7,67.63,23,6
711,SHORT,2025-11-08T23:35:00.000Z,41851.05,35.7,SL,-83.70,4,38.5,0,0,1,64.51,23,6
712,LONG,2025-11-09T00:44:00.000Z,42420.38,67.8,SL,-84.84,2,12.8,1,0,6,61.00,0,0
714,LONG,2025-11-09T01:59:00.000Z,42841.38,64.8,SL,-85.68,1,2.0,1,0,8,57.48,1,0
715,LONG,2025-11-09T02:08:00.000Z,42878.00,57.8,SL,-85.76,8,40.6,0,0,17,60.83,2,0
716,LONG,2025-11-09T02:32:00.000Z,42920.03,64.0,SL,-85.84,9,52.8,0,1,15,57.57,2,0
717,LONG,2025-11-09T03:17:00.000Z,42760.69,55.7,SL,-85.52,16,74.1,0,1,4,67.10,3,0
718,SHORT,2025-11-09T03:35:00.000Z,42632.36,39.9,SL,-85.26,9,37.8,0,0,3,61.44,3,0
720,LONG,2025-11-09T04:25:00.000Z,42636.76,56.7,SL,-85.27,24,58.0,0,1,3,63.08,4,0
721,SHORT,2025-11-09T04:50:00.000Z,42486.13,40.5,SL,-84.97,2,0.0,1,0,8,60.00,4,0
722,SHORT,2025-11-09T04:55:00.000Z,42447.21,35.1,SL,-84.89,1,1.8,1,0,8,63.13,4,0
726,SHORT,2025-11-09T07:25:00.000Z,42981.09,35.6,SL,-85.96,9,48.4,0,0,11,64.69,7,0
729,SHORT,2025-11-09T08:20:00.000Z,43296.84,32.7,SL,-86.59,2,0.0,1,0,4,63.03,8,0
730,LONG,2025-11-09T08:36:00.000Z,43500.35,56.2,SL,-87.00,3,12.2,1,0,5,58.94,8,0
731,LONG,2025-11-09T08:52:00.000Z,43562.69,63.7,SL,-87.13,40,97.9,0,1,12,56.72,8,0
732,SHORT,2025-11-09T09:33:00.000Z,43423.95,33.7,SL,-86.85,6,41.0,0,0,15,60.33,9,0
733,SHORT,2025-11-09T09:44:00.000Z,43347.21,36.1,SL,-86.69,16,95.1,0,1,2,67.57,9,0
734,LONG,2025-11-09T10:02:00.000Z,43463.25,59.0,SL,-86.93,12,47.4,0,0,1,63.59,10,0
735,SHORT,2025-11-09T10:21:00.000Z,43347.72,43.9,SL,-86.70,2,0.0,1,0,3,61.53,10,0
736,SHORT,2025-11-09T10:32:00.000Z,43320.61,39.4,SL,-86.64,10,60.4,0,1,14,62.51,10,0
738,SHORT,2025-11-09T11:57:00.000Z,42708.14,33.9,SL,-85.42,5,26.0,0,0,5,53.42,11,0
739,SHORT,2025-11-09T12:17:00.000Z,42594.54,31.9,SL,-85.19,4,36.3,0,0,20,60.86,12,0
740,LONG,2025-11-09T13:37:00.000Z,42902.33,61.0,SL,-85.80,11,86.7,0,1,9,64.11,13,0
741,LONG,2025-11-09T14:48:00.000Z,42938.31,66.8,SL,-85.88,4,21.0,0,0,10,63.90,14,0
743,LONG,2025-11-09T15:41:00.000Z,42751.96,61.6,SL,-85.50,4,13.2,0,0,18,59.54,15,0
744,LONG,2025-11-09T15:48:00.000Z,42816.56,62.6,SL,-85.63,2,0.0,1,0,20,63.07,15,0
745,LONG,2025-11-09T16:13:00.000Z,42832.28,60.1,SL,-85.66,19,53.8,0,1,20,56.38,16,0
746,SHORT,2025-11-09T16:38:00.000Z,42707.45,43.8,SL,-85.41,14,84.4,0,1,10,57.50,16,0
747,SHORT,2025-11-09T18:29:00.000Z,42328.95,41.5,SL,-84.66,1,0.0,1,0,6,64.16,18,0
748,LONG,2025-11-09T18:34:00.000Z,42643.25,64.2,SL,-85.29,6,31.7,0,0,10,67.48,18,0
749,LONG,2025-11-09T18:48:00.000Z,42772.70,66.2,SL,-85.55,3,7.0,1,0,5,66.56,18,0
751,SHORT,2025-11-09T19:31:00.000Z,42347.65,37.1,SL,-84.70,6,32.4,0,0,2,72.40,19,0
752,SHORT,2025-11-09T19:42:00.000Z,42253.00,33.1,SL,-84.51,2,5.7,1,0,2,66.52,19,0
753,SHORT,2025-11-09T19:55:00.000Z,42185.98,33.9,SL,-84.37,15,51.4,0,1,3,61.92,19,0
755,LONG,2025-11-09T20:31:00.000Z,42481.78,76.0,SL,-84.96,4,31.4,0,0,12,56.10,20,0
757,LONG,2025-11-09T21:58:00.000Z,42730.90,61.8,SL,-85.46,10,47.7,0,0,6,60.26,21,0
758,SHORT,2025-11-09T22:30:00.000Z,42631.82,39.7,SL,-85.26,2,0.8,1,0,19,60.61,22,0
759,LONG,2025-11-09T22:43:00.000Z,42916.83,67.5,SL,-85.83,12,62.1,0,1,20,63.45,22,0
760,SHORT,2025-11-09T22:58:00.000Z,42664.77,37.0,SL,-85.33,1,0.0,1,0,5,64.82,22,0
761,LONG,2025-11-09T23:27:00.000Z,42953.92,64.9,SL,-85.91,3,1.3,1,0,10,61.73,23,0
762,LONG,2025-11-09T23:35:00.000Z,43039.01,70.5,SL,-86.08,3,0.0,1,0,10,63.62,23,0
763,LONG,2025-11-09T23:53:00.000Z,43125.77,66.0,SL,-86.25,4,34.2,0,0,16,69.07,23,0
764,LONG,2025-11-10T00:31:00.000Z,42959.98,58.0,SL,-85.92,9,21.0,0,0,5,55.99,0,1
766,SHORT,2025-11-10T02:33:00.000Z,42959.21,28.5,SL,-85.92,8,84.8,0,1,3,64.55,2,1
767,SHORT,2025-11-10T03:19:00.000Z,42623.30,36.4,SL,-85.25,2,0.0,1,0,4,67.05,3,1
770,LONG,2025-11-10T05:03:00.000Z,42146.47,60.7,SL,-84.29,4,25.7,0,0,6,51.63,5,1
771,SHORT,2025-11-10T05:15:00.000Z,41938.78,36.8,SL,-83.88,1,1.8,1,0,18,58.72,5,1
772,SHORT,2025-11-10T05:22:00.000Z,41917.56,36.9,SL,-83.84,5,29.8,0,0,19,61.90,5,1
773,LONG,2025-11-10T05:39:00.000Z,42159.10,62.6,SL,-84.32,8,49.5,0,0,1,66.39,5,1
774,SHORT,2025-11-10T06:08:00.000Z,41768.66,25.3,SL,-83.54,4,55.5,0,1,1,56.12,6,1
775,LONG,2025-11-10T06:20:00.000Z,42019.43,68.7,SL,-84.04,3,19.3,1,0,2,59.66,6,1
776,LONG,2025-11-10T06:53:00.000Z,42030.34,60.7,SL,-84.06,20,80.9,0,1,4,64.73,6,1
777,SHORT,2025-11-10T07:41:00.000Z,41671.87,32.0,SL,-83.34,12,43.2,0,0,2,59.49,7,1
778,LONG,2025-11-10T08:00:00.000Z,41793.87,56.3,SL,-83.59,1,0.0,1,0,9,57.92,8,1
779,LONG,2025-11-10T08:09:00.000Z,41859.73,61.3,SL,-83.72,11,43.8,0,0,18,59.11,8,1
780,SHORT,2025-11-10T09:29:00.000Z,41466.43,38.4,SL,-82.93,4,13.7,0,0,5,64.19,9,1
781,LONG,2025-11-10T09:39:00.000Z,41824.08,70.0,SL,-83.65,7,51.4,0,1,6,67.09,9,1
782,LONG,2025-11-10T10:30:00.000Z,41838.21,63.6,SL,-83.68,8,29.4,0,0,1,59.56,10,1
784,LONG,2025-11-10T11:52:00.000Z,41761.61,64.7,SL,-83.52,2,3.8,1,0,14,58.75,11,1
786,LONG,2025-11-10T12:56:00.000Z,41359.12,59.6,SL,-82.72,8,15.8,0,0,16,64.78,12,1
788,SHORT,2025-11-10T13:31:00.000Z,40977.83,26.2,SL,-81.96,7,27.2,0,0,4,56.99,13,1
789,LONG,2025-11-10T14:09:00.000Z,41350.67,67.9,SL,-82.70,21,97.4,0,1,7,55.20,14,1
790,SHORT,2025-11-10T14:31:00.000Z,41198.64,33.1,SL,-82.40,28,68.7,0,1,2,54.72,14,1
793,SHORT,2025-11-10T16:24:00.000Z,41205.89,39.1,SL,-82.41,11,16.6,0,0,8,56.29,16,1
794,SHORT,2025-11-10T16:50:00.000Z,41082.59,32.8,SL,-82.17,2,12.9,1,0,14,58.26,16,1
796,LONG,2025-11-10T17:08:00.000Z,41613.32,75.6,SL,-83.23,27,57.6,0,1,6,66.22,17,1
799,LONG,2025-11-10T20:19:00.000Z,42998.68,59.6,SL,-86.00,12,45.6,0,0,13,61.84,20,1
802,SHORT,2025-11-10T22:04:00.000Z,42696.56,35.1,SL,-85.39,7,15.4,0,0,10,63.42,22,1
803,LONG,2025-11-10T22:18:00.000Z,42914.28,61.4,SL,-85.83,5,28.3,0,0,5,62.51,22,1
804,LONG,2025-11-10T22:28:00.000Z,43049.54,65.3,SL,-86.10,3,18.0,1,0,5,66.19,22,1
805,LONG,2025-11-10T23:07:00.000Z,43105.13,58.3,SL,-86.21,4,3.3,0,0,20,65.58,23,1
806,SHORT,2025-11-10T23:13:00.000Z,42872.63,38.6,SL,-85.75,2,12.2,1,0,20,65.22,23,1
807,SHORT,2025-11-10T23:24:00.000Z,42730.70,32.4,SL,-85.46,9,67.6,0,1,1,65.95,23,1
809,LONG,2025-11-11T00:08:00.000Z,43178.46,66.7,SL,-86.36,20,93.1,0,1,1,68.78,0,2
810,SHORT,2025-11-11T01:16:00.000Z,42478.38,33.2,SL,-84.96,4,55.3,0,1,5,60.31,1,2
811,LONG,2025-11-11T01:45:00.000Z,42712.67,64.8,SL,-85.43,12,57.6,0,1,8,60.69,1,2
812,LONG,2025-11-11T02:22:00.000Z,42769.73,59.9,SL,-85.54,23,88.7,0,1,5,65.45,2,2
814,SHORT,2025-11-11T03:49:00.000Z,43095.73,42.0,SL,-86.19,8,11.7,0,0,12,66.61,3,2
815,LONG,2025-11-11T04:05:00.000Z,43281.80,60.4,SL,-86.56,2,11.4,1,0,7,67.18,4,2
816,LONG,2025-11-11T04:26:00.000Z,43241.98,59.9,SL,-86.48,5,14.6,0,0,4,61.12,4,2
819,LONG,2025-11-11T05:31:00.000Z,43388.69,74.1,SL,-86.78,4,18.4,0,0,7,61.97,5,2
821,SHORT,2025-11-11T06:17:00.000Z,43530.24,44.9,SL,-87.06,5,45.0,0,0,5,59.28,6,2
822,LONG,2025-11-11T06:26:00.000Z,43840.23,67.2,SL,-87.68,8,14.6,0,0,5,71.60,6,2
823,SHORT,2025-11-11T08:09:00.000Z,43838.79,39.7,SL,-87.68,10,51.2,0,1,5,61.20,8,2
824,LONG,2025-11-11T08:25:00.000Z,44097.47,63.3,SL,-88.19,3,7.9,1,0,7,69.89,8,2
825,LONG,2025-11-11T09:17:00.000Z,44024.09,55.5,SL,-88.05,6,17.2,0,0,9,57.88,9,2
826,LONG,2025-11-11T09:45:00.000Z,44054.53,62.5,SL,-88.11,4,22.7,0,0,4,62.64,9,2
827,SHORT,2025-11-11T10:19:00.000Z,43756.84,38.0,SL,-87.51,10,54.5,0,1,5,69.26,10,2
828,SHORT,2025-11-11T10:37:00.000Z,43583.24,30.2,SL,-87.17,14,60.3,0,1,3,61.69,10,2
829,LONG,2025-11-11T11:38:00.000Z,43404.58,57.5,SL,-86.81,27,97.4,0,1,6,61.46,11,2
830,SHORT,2025-11-11T14:57:00.000Z,43985.40,41.7,SL,-87.97,2,0.2,1,0,11,58.12,14,2
832,SHORT,2025-11-11T15:20:00.000Z,44134.84,42.8,SL,-88.27,6,61.6,0,1,3,58.16,15,2
835,LONG,2025-11-11T16:38:00.000Z,44853.10,67.5,SL,-89.71,8,48.9,0,0,3,62.11,16,2
836,SHORT,2025-11-11T17:25:00.000Z,44635.83,30.0,SL,-89.27,3,7.1,1,0,9,61.18,17,2
837,SHORT,2025-11-11T17:32:00.000Z,44588.14,38.5,SL,-89.18,1,0.0,1,0,3,62.04,17,2
839,SHORT,2025-11-11T17:56:00.000Z,44218.98,27.7,SL,-88.44,2,14.4,1,0,4,70.75,17,2
840,LONG,2025-11-11T18:09:00.000Z,44512.19,59.3,SL,-89.02,12,31.0,0,0,3,68.19,18,2
841,LONG,2025-11-11T18:33:00.000Z,44621.01,66.5,SL,-89.24,2,4.6,1,0,11,67.23,18,2
842,LONG,2025-11-11T19:13:00.000Z,44741.61,65.0,SL,-89.48,2,16.2,1,0,15,58.41,19,2
844,LONG,2025-11-11T19:26:00.000Z,45113.85,75.6,SL,-90.23,35,79.5,0,1,16,70.21,19,2
845,SHORT,2025-11-11T20:02:00.000Z,44995.82,39.5,SL,-89.99,3,16.9,1,0,15,61.36,20,2
847,LONG,2025-11-11T21:04:00.000Z,44925.47,67.5,SL,-89.85,6,27.7,0,0,11,63.17,21,2
849,SHORT,2025-11-11T22:20:00.000Z,44941.21,37.4,SL,-89.88,6,31.5,0,0,1,72.77,22,2
850,SHORT,2025-11-11T22:43:00.000Z,44921.21,36.1,SL,-89.84,6,18.7,0,0,6,60.35,22,2
853,LONG,2025-11-11T23:32:00.000Z,45611.81,69.8,SL,-91.22,5,20.8,0,0,3,65.41,23,2
854,SHORT,2025-11-11T23:41:00.000Z,45344.84,38.3,SL,-90.69,5,12.0,0,0,5,60.66,23,2
855,LONG,2025-11-12T00:52:00.000Z,45353.50,60.3,SL,-90.71,2,10.6,1,0,14,65.17,0,3
858,LONG,2025-11-12T01:55:00.000Z,45762.21,75.7,SL,-91.52,15,88.4,0,1,12,64.37,1,3
859,LONG,2025-11-12T02:37:00.000Z,45949.25,62.1,SL,-91.90,4,0.0,0,0,1,62.70,2,3
861,LONG,2025-11-12T03:04:00.000Z,45973.96,69.5,SL,-91.95,4,54.6,0,1,4,72.56,3,3
862,LONG,2025-11-12T03:55:00.000Z,46241.65,57.9,SL,-92.48,5,10.3,0,0,7,66.36,3,3
863,LONG,2025-11-12T04:20:00.000Z,46262.59,60.3,SL,-92.53,2,10.3,1,0,20,65.08,4,3
866,SHORT,2025-11-12T05:06:00.000Z,45634.23,18.8,SL,-91.27,9,28.7,0,0,3,65.20,5,3
867,LONG,2025-11-12T05:47:00.000Z,46055.92,64.2,SL,-92.11,1,0.0,1,0,7,67.91,5,3
868,LONG,2025-11-12T05:56:00.000Z,46107.92,62.9,SL,-92.22,8,55.4,0,1,16,66.51,5,3
870,SHORT,2025-11-12T07:26:00.000Z,45778.48,26.7,SL,-91.56,5,23.6,0,0,10,70.79,7,3
871,SHORT,2025-11-12T07:46:00.000Z,45754.49,29.9,SL,-91.51,7,42.9,0,0,3,54.29,7,3
872,LONG,2025-11-12T08:02:00.000Z,45955.38,63.5,SL,-91.91,15,88.4,0,1,19,69.03,8,3
873,LONG,2025-11-12T09:13:00.000Z,45632.57,60.4,SL,-91.27,4,21.1,0,0,7,63.87,9,3
874,SHORT,2025-11-12T09:23:00.000Z,45425.67,40.8,SL,-90.85,15,48.1,0,0,17,70.23,9,3
876,SHORT,2025-11-12T10:50:00.000Z,45420.12,34.5,SL,-90.84,9,55.2,0,1,7,62.52,10,3
877,LONG,2025-11-12T11:17:00.000Z,45567.02,61.7,SL,-91.13,2,15.8,1,0,9,61.76,11,3
879,LONG,2025-11-12T12:01:00.000Z,45173.99,57.4,SL,-90.35,5,27.2,0,0,12,61.35,12,3
880,LONG,2025-11-12T12:29:00.000Z,45172.72,57.9,SL,-90.35,1,0.0,1,0,20,62.57,12,3
882,LONG,2025-11-12T12:54:00.000Z,44993.88,56.4,SL,-89.99,6,19.9,0,0,1,77.80,12,3
883,SHORT,2025-11-12T13:27:00.000Z,44943.68,40.2,SL,-89.89,12,57.1,0,1,7,63.50,13,3
884,SHORT,2025-11-12T13:45:00.000Z,44850.26,37.9,SL,-89.70,15,57.4,0,1,4,68.49,13,3
885,LONG,2025-11-12T14:02:00.000Z,45010.12,64.2,SL,-90.02,3,30.5,1,0,6,64.17,14,3
887,SHORT,2025-11-12T15:34:00.000Z,44357.44,34.2,SL,-88.71,9,38.3,0,0,3,68.76,15,3
888,SHORT,2025-11-12T16:09:00.000Z,44194.76,34.7,SL,-88.39,7,50.9,0,1,4,61.57,16,3
889,SHORT,2025-11-12T17:20:00.000Z,44118.89,40.0,SL,-88.24,4,21.0,0,0,2,56.72,17,3
890,LONG,2025-11-12T17:38:00.000Z,44312.35,64.1,SL,-88.62,9,26.3,0,0,20,58.41,17,3
893,SHORT,2025-11-12T18:55:00.000Z,43462.40,38.1,SL,-86.92,6,7.8,0,0,6,54.18,18,3
895,LONG,2025-11-12T19:28:00.000Z,43944.08,70.1,SL,-87.89,3,0.0,1,0,5,62.00,19,3
896,SHORT,2025-11-12T19:55:00.000Z,43764.55,43.9,SL,-87.53,2,10.5,1,0,20,66.36,19,3
897,SHORT,2025-11-12T20:13:00.000Z,43561.75,36.4,SL,-87.12,4,19.4,0,0,7,77.92,20,3
898,SHORT,2025-11-12T20:45:00.000Z,43474.48,40.6,SL,-86.95,1,0.0,1,0,20,61.94,20,3
899,LONG,2025-11-12T20:50:00.000Z,43645.36,55.5,SL,-87.29,2,23.6,1,0,20,62.59,20,3
900,SHORT,2025-11-12T20:56:00.000Z,43413.13,37.4,SL,-86.83,2,0.1,1,0,20,64.34,20,3
903,LONG,2025-11-12T23:25:00.000Z,43780.86,55.6,SL,-87.56,13,78.2,0,1,1,62.94,23,3
906,SHORT,2025-11-13T01:01:00.000Z,43487.90,43.3,SL,-86.98,9,48.3,0,0,10,62.60,1,4
907,SHORT,2025-11-13T01:17:00.000Z,43395.32,34.6,SL,-86.79,2,1.9,1,0,9,59.58,1,4
909,LONG,2025-11-13T01:46:00.000Z,43976.58,72.8,SL,-87.95,7,32.2,0,0,4,73.55,1,4
910,LONG,2025-11-13T02:46:00.000Z,43855.02,63.5,SL,-87.71,8,77.2,0,1,10,65.04,2,4
911,SHORT,2025-11-13T03:29:00.000Z,43387.67,37.4,SL,-86.78,2,0.0,1,0,6,63.87,3,4
912,SHORT,2025-11-13T03:36:00.000Z,43367.88,37.6,SL,-86.74,15,41.7,0,0,13,63.58,3,4
914,SHORT,2025-11-13T04:47:00.000Z,43829.31,41.0,SL,-87.66,2,3.1,1,0,12,60.40,4,4
915,SHORT,2025-11-13T05:07:00.000Z,43871.02,39.6,SL,-87.74,3,16.0,1,0,6,59.72,5,4
916,LONG,2025-11-13T05:13:00.000Z,44059.77,62.1,SL,-88.12,3,18.9,1,0,12,58.71,5,4
918,LONG,2025-11-13T06:25:00.000Z,44985.04,68.2,SL,-89.97,5,17.8,0,0,1,67.10,6,4
919,SHORT,2025-11-13T07:30:00.000Z,44871.71,39.4,SL,-89.74,3,0.0,1,0,1,55.79,7,4
922,SHORT,2025-11-13T09:54:00.000Z,43840.59,36.5,SL,-87.68,2,5.6,1,0,20,70.58,9,4
924,SHORT,2025-11-13T10:10:00.000Z,43511.09,21.6,SL,-87.02,7,21.4,0,0,7,66.56,10,4
926,SHORT,2025-11-13T11:15:00.000Z,43667.78,41.4,SL,-87.34,2,0.0,1,0,13,65.47,11,4
928,SHORT,2025-11-13T12:35:00.000Z,43840.29,42.0,SL,-87.68,3,0.0,1,0,2,70.10,12,4
930,LONG,2025-11-13T13:06:00.000Z,44333.13,80.6,SL,-88.67,5,85.8,0,1,10,62.02,13,4
931,LONG,2025-11-13T13:44:00.000Z,44470.82,70.7,SL,-88.94,20,56.7,0,1,15,59.52,13,4
932,SHORT,2025-11-13T14:05:00.000Z,44293.78,37.8,SL,-88.59,17,47.1,0,0,4,61.72,14,4
933,LONG,2025-11-13T14:23:00.000Z,44433.46,58.3,SL,-88.87,3,10.3,1,0,1,60.53,14,4
935,LONG,2025-11-13T15:02:00.000Z,44740.34,68.2,SL,-89.48,2,15.8,1,0,3,69.72,15,4
936,LONG,2025-11-13T15:27:00.000Z,44838.02,67.0,SL,-89.68,2,25.3,1,0,4,67.37,15,4
939,LONG,2025-11-13T17:04:00.000Z,44577.50,70.9,SL,-89.15,12,84.5,0,1,4,66.31,17,4
940,LONG,2025-11-13T17:23:00.000Z,44803.12,74.3,SL,-89.61,2,12.1,1,0,5,59.79,17,4
942,SHORT,2025-11-13T19:25:00.000Z,44414.86,36.8,SL,-88.83,2,32.6,1,0,3,64.43,19,4
943,LONG,2025-11-13T19:43:00.000Z,44798.80,67.5,SL,-89.60,4,8.3,0,0,5,68.66,19,4
944,LONG,2025-11-13T19:51:00.000Z,44919.17,69.7,SL,-89.84,3,3.4,1,0,5,67.39,19,4
946,SHORT,2025-11-13T21:44:00.000Z,45674.96,32.8,SL,-91.35,9,57.4,0,1,1,65.58,21,4
948,SHORT,2025-11-13T23:37:00.000Z,44832.68,35.5,SL,-89.67,10,36.9,0,0,4,68.02,23,4
949,LONG,2025-11-13T23:50:00.000Z,45036.52,59.8,SL,-90.07,5,33.4,0,0,2,68.20,23,4
951,SHORT,2025-11-14T00:37:00.000Z,44917.44,35.6,SL,-89.83,4,8.3,0,0,2,70.31,0,5
953,SHORT,2025-11-14T01:48:00.000Z,44892.01,42.0,SL,-89.78,1,5.1,1,0,6,57.60,1,5
954,LONG,2025-11-14T01:55:00.000Z,45131.74,67.1,SL,-90.26,2,2.0,1,0,13,58.55,1,5
955,SHORT,2025-11-14T02:18:00.000Z,44909.61,44.4,SL,-89.82,4,6.6,0,0,13,64.81,2,5
956,LONG,2025-11-14T02:35:00.000Z,45056.35,57.9,SL,-90.11,5,57.8,0,1,12,66.99,2,5
957,LONG,2025-11-14T02:54:00.000Z,45151.10,63.7,SL,-90.30,19,54.8,0,1,4,70.03,2,5
958,SHORT,2025-11-14T03:34:00.000Z,44837.67,32.0,SL,-89.68,2,0.0,1,0,4,68.85,3,5
959,LONG,2025-11-14T03:51:00.000Z,44984.65,56.0,SL,-89.97,10,92.5,0,1,20,63.15,3,5
961,LONG,2025-11-14T04:37:00.000Z,44881.62,56.1,SL,-89.76,12,53.7,0,1,8,63.48,4,5
962,SHORT,2025-11-14T05:08:00.000Z,44668.02,37.3,SL,-89.34,12,47.9,0,0,5,58.42,5,5
964,SHORT,2025-11-14T06:16:00.000Z,44352.29,35.3,SL,-88.70,3,23.2,1,0,4,64.18,6,5
965,LONG,2025-11-14T06:58:00.000Z,44711.35,66.0,SL,-89.42,3,2.7,1,0,10,60.00,6,5
966,SHORT,2025-11-14T07:07:00.000Z,44460.02,39.5,SL,-88.92,5,28.4,0,0,4,60.52,7,5
967,LONG,2025-11-14T07:26:00.000Z,44658.50,56.0,SL,-89.32,3,13.6,1,0,4,65.53,7,5
968,LONG,2025-11-14T07:34:00.000Z,44667.60,61.4,SL,-89.34,4,24.7,0,0,12,63.46,7,5
969,SHORT,2025-11-14T07:43:00.000Z,44403.72,37.3,SL,-88.81,2,17.3,1,0,3,67.77,7,5
970,LONG,2025-11-14T08:14:00.000Z,44877.22,75.2,SL,-89.75,3,25.6,1,0,3,62.93,8,5
971,LONG,2025-11-14T08:29:00.000Z,45137.67,73.3,SL,-90.28,2,17.1,1,0,3,67.05,8,5
972,LONG,2025-11-14T09:06:00.000Z,45143.05,59.7,SL,-90.29,3,22.4,1,0,13,69.86,9,5
973,SHORT,2025-11-14T09:11:00.000Z,44885.93,38.7,SL,-89.77,4,14.3,0,0,18,72.92,9,5
975,LONG,2025-11-14T09:57:00.000Z,44706.86,55.7,SL,-89.41,4,3.4,0,0,7,68.81,9,5
977,LONG,2025-11-14T10:24:00.000Z,44700.65,66.9,SL,-89.40,12,61.8,0,1,2,73.25,10,5
979,LONG,2025-11-14T12:30:00.000Z,45553.41,78.0,SL,-91.11,11,40.0,0,0,2,66.24,12,5
982,LONG,2025-11-14T15:06:00.000Z,44341.00,58.1,SL,-88.68,15,77.8,0,1,1,59.16,15,5
983,SHORT,2025-11-14T15:24:00.000Z,44174.55,39.7,SL,-88.35,4,26.2,0,0,1,63.82,15,5
984,SHORT,2025-11-14T16:04:00.000Z,44135.60,38.9,SL,-88.27,5,32.0,0,0,20,65.35,16,5
985,SHORT,2025-11-14T16:13:00.000Z,44066.75,34.6,SL,-88.13,12,74.2,0,1,5,60.91,16,5
986,LONG,2025-11-14T16:43:00.000Z,44258.42,62.6,SL,-88.52,3,31.9,1,0,3,69.97,16,5
987,SHORT,2025-11-14T17:06:00.000Z,43916.38,36.5,SL,-87.83,1,0.0,1,0,2,66.38,17,5
989,LONG,2025-11-14T19:41:00.000Z,43485.30,68.1,SL,-86.97,7,65.4,0,1,4,63.60,19,5
993,SHORT,2025-11-14T21:32:00.000Z,43450.33,39.4,SL,-86.90,2,7.2,1,0,3,63.39,21,5
994,SHORT,2025-11-14T21:38:00.000Z,43440.93,37.1,SL,-86.88,4,23.6,0,0,9,62.01,21,5
996,LONG,2025-11-14T22:24:00.000Z,43981.36,72.1,SL,-87.96,9,72.7,0,1,19,56.44,22,5
997,SHORT,2025-11-14T22:42:00.000Z,43683.17,33.7,SL,-87.37,7,98.7,0,1,1,64.08,22,5
998,LONG,2025-11-14T23:09:00.000Z,43921.55,59.1,SL,-87.84,3,0.0,1,0,3,63.84,23,5
1003,SHORT,2025-11-15T00:55:00.000Z,43314.50,43.9,SL,-86.63,2,0.3,1,0,1,64.01,0,6
1006,LONG,2025-11-15T02:02:00.000Z,43618.89,69.0,SL,-87.24,18,75.4,0,1,1,57.65,2,6
1007,SHORT,2025-11-15T02:36:00.000Z,43398.22,32.7,SL,-86.80,25,40.5,0,0,4,68.66,2,6
1009,SHORT,2025-11-15T04:44:00.000Z,44330.26,44.5,SL,-88.66,8,19.7,0,0,2,61.54,4,6
1011,SHORT,2025-11-15T05:00:00.000Z,44022.43,24.8,SL,-88.04,4,10.4,0,0,2,65.77,5,6
1016,LONG,2025-11-15T06:43:00.000Z,45087.84,81.7,SL,-90.18,11,70.7,0,1,7,65.00,6,6
1017,LONG,2025-11-15T07:21:00.000Z,45350.42,67.8,SL,-90.70,6,44.4,0,0,6,65.62,7,6
1018,SHORT,2025-11-15T07:38:00.000Z,45130.38,40.5,SL,-90.26,3,1.0,1,0,5,67.52,7,6
1019,LONG,2025-11-15T07:48:00.000Z,45428.11,63.5,SL,-90.86,19,94.0,0,1,4,75.61,7,6
1022,LONG,2025-11-15T09:44:00.000Z,45566.56,68.4,SL,-91.13,56,93.5,0,1,3,61.90,9,6
1023,SHORT,2025-11-15T10:42:00.000Z,45415.83,32.1,SL,-90.83,17,74.0,0,1,4,61.56,10,6
1024,LONG,2025-11-15T11:43:00.000Z,45475.66,60.8,SL,-90.95,27,68.0,0,1,19,65.14,11,6
1025,SHORT,2025-11-15T12:16:00.000Z,45319.86,36.4,SL,-90.64,11,81.2,0,1,4,65.44,12,6
1027,SHORT,2025-11-15T12:48:00.000Z,44998.72,27.0,SL,-90.00,4,24.0,0,0,4,60.24,12,6
1030,LONG,2025-11-15T15:51:00.000Z,46183.89,60.9,SL,-92.37,7,39.5,0,0,1,62.12,15,6
1031,SHORT,2025-11-15T16:05:00.000Z,46001.25,43.0,SL,-92.00,2,15.1,1,0,1,65.93,16,6
1032,LONG,2025-11-15T16:15:00.000Z,46223.29,64.3,SL,-92.45,3,15.3,1,0,4,69.92,16,6
1033,LONG,2025-11-15T16:24:00.000Z,46344.67,66.3,SL,-92.69,1,10.5,1,0,5,66.76,16,6
1034,LONG,2025-11-15T17:56:00.000Z,46367.62,64.5,SL,-92.74,2,8.8,1,0,2,59.30,17,6
1035,LONG,2025-11-15T18:12:00.000Z,46403.35,64.5,SL,-92.81,6,13.7,0,0,18,59.41,18,6
1037,SHORT,2025-11-15T18:29:00.000Z,46003.66,30.6,SL,-92.01,5,31.5,0,0,17,72.11,18,6
1038,SHORT,2025-11-15T19:30:00.000Z,46375.52,30.7,SL,-92.75,21,76.2,0,1,2,71.60,19,6
1039,LONG,2025-11-15T19:53:00.000Z,46504.12,55.7,SL,-93.01,18,42.7,0,0,5,75.65,19,6
1040,SHORT,2025-11-15T20:12:00.000Z,46368.49,44.9,SL,-92.74,6,77.3,0,1,3,72.20,20,6
1041,LONG,2025-11-15T20:28:00.000Z,46535.18,58.6,SL,-93.07,21,90.3,0,1,3,78.57,20,6
1044,LONG,2025-11-15T21:23:00.000Z,46809.84,79.3,SL,-93.62,17,31.5,0,0,8,67.77,21,6
1046,LONG,2025-11-15T22:13:00.000Z,47137.14,72.0,SL,-94.27,2,17.1,1,0,4,66.58,22,6
1049,LONG,2025-11-15T23:33:00.000Z,47822.63,62.0,SL,-95.65,2,1.7,1,0,3,70.63,23,6
1052,LONG,2025-11-16T01:01:00.000Z,47957.21,57.8,SL,-95.91,2,12.1,1,0,1,74.90,1,0
1054,SHORT,2025-11-16T02:07:00.000Z,47287.36,27.8,SL,-94.57,1,1.5,1,0,10,62.92,2,0
1055,LONG,2025-11-16T03:08:00.000Z,47496.61,62.3,SL,-94.99,6,20.5,0,0,5,64.36,3,0
1056,LONG,2025-11-16T03:37:00.000Z,47530.03,61.0,SL,-95.06,7,33.2,0,0,12,79.94,3,0
1059,LONG,2025-11-16T05:49:00.000Z,48448.25,66.5,SL,-96.90,6,7.9,0,0,20,71.91,5,0
1060,LONG,2025-11-16T07:24:00.000Z,48466.84,59.4,SL,-96.93,2,0.0,1,0,3,61.39,7,0
1061,LONG,2025-11-16T07:33:00.000Z,48504.72,63.5,SL,-97.01,2,3.9,1,0,7,64.07,7,0
1063,SHORT,2025-11-16T08:27:00.000Z,48300.75,31.1,SL,-96.60,1,8.8,1,0,1,65.94,8,0
1065,SHORT,2025-11-16T08:56:00.000Z,47835.81,18.4,SL,-95.67,26,80.7,0,1,5,68.68,8,0
1067,SHORT,2025-11-16T09:51:00.000Z,47558.39,18.1,SL,-95.12,13,41.1,0,0,7,64.29,9,0
1068,SHORT,2025-11-16T10:17:00.000Z,47509.44,34.2,SL,-95.02,2,16.1,1,0,2,68.66,10,0
1070,SHORT,2025-11-16T11:59:00.000Z,46570.75,34.6,SL,-93.14,1,0.0,1,0,5,69.37,11,0
1071,SHORT,2025-11-16T12:06:00.000Z,46463.91,36.7,SL,-92.93,6,30.0,0,0,2,74.51,12,0
1074,LONG,2025-11-16T13:31:00.000Z,46828.09,67.0,SL,-93.66,5,21.2,0,0,10,68.68,13,0
1076,LONG,2025-11-16T14:04:00.000Z,47205.78,72.2,SL,-94.41,7,21.1,0,0,1,68.44,14,0
1077,SHORT,2025-11-16T14:37:00.000Z,47029.24,34.8,SL,-94.06,6,43.6,0,0,5,65.83,14,0
1079,LONG,2025-11-16T15:29:00.000Z,46751.27,62.8,SL,-93.50,4,17.6,0,0,4,69.29,15,0
1080,LONG,2025-11-16T15:52:00.000Z,46710.09,58.4,SL,-93.42,3,3.5,1,0,3,71.93,15,0
1081,SHORT,2025-11-16T15:57:00.000Z,46456.93,37.4,SL,-92.91,8,55.3,0,1,8,74.07,15,0
1083,SHORT,2025-11-16T16:34:00.000Z,45991.40,28.3,SL,-91.98,7,50.8,0,1,1,73.25,16,0
1085,LONG,2025-11-16T17:26:00.000Z,46506.31,65.0,SL,-93.01,3,15.4,1,0,7,77.11,17,0
1086,LONG,2025-11-16T17:40:00.000Z,46563.53,64.9,SL,-93.13,5,6.1,0,0,1,78.07,17,0
1087,SHORT,2025-11-16T18:23:00.000Z,46091.14,28.3,SL,-92.18,1,0.0,1,0,7,57.57,18,0
1088,LONG,2025-11-16T18:38:00.000Z,46355.53,61.4,SL,-92.71,4,46.0,0,0,14,72.81,18,0
1089,LONG,2025-11-16T18:56:00.000Z,46558.62,70.6,SL,-93.12,5,27.1,0,0,3,74.77,18,0
1090,LONG,2025-11-16T19:29:00.000Z,46498.77,58.1,SL,-93.00,12,40.4,0,0,1,72.45,19,0
1091,LONG,2025-11-16T19:59:00.000Z,46514.28,58.8,SL,-93.03,3,15.1,1,0,3,63.98,19,0
1092,SHORT,2025-11-16T20:10:00.000Z,46235.54,35.0,SL,-92.47,5,83.2,0,1,3,66.15,20,0
1095,SHORT,2025-11-16T21:49:00.000Z,46480.74,38.2,SL,-92.96,2,21.0,1,0,5,69.76,21,0
1096,SHORT,2025-11-16T21:55:00.000Z,46437.83,38.0,SL,-92.88,35,60.9,0,1,11,72.21,21,0
1098,SHORT,2025-11-16T23:16:00.000Z,46679.41,39.6,SL,-93.36,4,17.7,0,0,7,68.50,23,0
1099,SHORT,2025-11-16T23:21:00.000Z,46614.65,38.7,SL,-93.23,2,0.8,1,0,7,65.96,23,0
1100,SHORT,2025-11-16T23:59:00.000Z,46833.97,41.0,SL,-93.67,9,20.9,0,0,15,69.10,23,0
1103,LONG,2025-11-17T01:21:00.000Z,46977.55,56.3,SL,-93.96,2,0.0,1,0,5,64.44,1,1
1105,SHORT,2025-11-17T02:10:00.000Z,46585.14,42.1,SL,-93.17,2,3.0,1,0,2,71.03,2,1
1106,LONG,2025-11-17T02:16:00.000Z,46854.76,65.9,SL,-93.71,4,32.0,0,0,1,73.76,2,1
1108,SHORT,2025-11-17T03:22:00.000Z,45703.83,38.5,SL,-91.41,2,0.0,1,0,12,62.00,3,1
1109,SHORT,2025-11-17T03:52:00.000Z,45681.33,40.9,SL,-91.36,3,21.2,1,0,13,63.22,3,1
1112,SHORT,2025-11-17T04:34:00.000Z,45082.19,27.9,SL,-90.16,2,5.1,1,0,4,67.38,4,1
1115,SHORT,2025-11-17T05:48:00.000Z,44641.52,32.8,SL,-89.28,6,24.3,0,0,3,62.20,5,1
1117,LONG,2025-11-17T06:56:00.000Z,44127.97,56.8,SL,-88.26,7,35.3,0,0,11,54.78,6,1
1118,SHORT,2025-11-17T07:04:00.000Z,43969.86,41.8,SL,-87.94,12,20.5,0,0,19,60.88,7,1
1119,LONG,2025-11-17T07:47:00.000Z,44328.51,62.9,SL,-88.66,19,84.0,0,1,13,70.97,7,1
1120,SHORT,2025-11-17T08:07:00.000Z,44164.87,38.4,SL,-88.33,3,6.0,1,0,10,67.97,8,1
1121,SHORT,2025-11-17T08:14:00.000Z,44114.51,40.4,SL,-88.23,8,68.7,0,1,10,60.34,8,1
1122,SHORT,2025-11-17T08:42:00.000Z,44143.76,41.9,SL,-88.29,14,75.3,0,1,3,65.71,8,1
1123,LONG,2025-11-17T09:01:00.000Z,44355.91,65.0,SL,-88.71,20,71.0,0,1,2,68.82,9,1
1124,LONG,2025-11-17T09:30:00.000Z,44450.02,66.3,SL,-88.90,13,46.3,0,0,3,59.90,9,1
1125,SHORT,2025-11-17T09:49:00.000Z,44300.39,41.8,SL,-88.60,1,1.5,1,0,2,64.72,9,1
1127,SHORT,2025-11-17T10:17:00.000Z,44036.68,32.9,SL,-88.07,7,37.9,0,0,5,63.25,10,1
1128,LONG,2025-11-17T10:54:00.000Z,44262.61,67.7,SL,-88.53,3,1.2,1,0,1,58.89,10,1
1130,SHORT,2025-11-17T11:20:00.000Z,43923.49,27.5,SL,-87.85,7,51.3,0,1,12,55.89,11,1
1131,LONG,2025-11-17T11:46:00.000Z,44220.51,66.2,SL,-88.44,7,80.9,0,1,3,64.51,11,1
1132,SHORT,2025-11-17T12:50:00.000Z,44039.22,37.0,SL,-88.08,9,27.1,0,0,3,64.29,12,1
1134,LONG,2025-11-17T14:43:00.000Z,44372.04,63.7,SL,-88.74,4,25.8,0,0,5,53.98,14,1
1135,SHORT,2025-11-17T15:04:00.000Z,44126.15,37.1,SL,-88.25,10,81.3,0,1,5,67.14,15,1
1136,LONG,2025-11-17T15:47:00.000Z,44459.56,67.5,SL,-88.92,2,5.7,1,0,15,57.72,15,1
1137,LONG,2025-11-17T16:15:00.000Z,44506.01,63.7,SL,-89.01,2,3.8,1,0,13,58.80,16,1
1138,SHORT,2025-11-17T16:21:00.000Z,44280.69,38.8,SL,-88.56,10,54.8,0,1,19,59.99,16,1
1144,SHORT,2025-11-17T20:09:00.000Z,42369.17,24.8,SL,-84.74,3,14.2,1,0,15,56.97,20,1
1146,SHORT,2025-11-17T22:12:00.000Z,42214.76,36.0,SL,-84.43,7,28.3,0,0,20,53.21,22,1
1147,SHORT,2025-11-17T22:35:00.000Z,42132.16,32.5,SL,-84.26,7,12.7,0,0,9,62.74,22,1
1148,SHORT,2025-11-17T23:03:00.000Z,41956.90,34.8,SL,-83.91,3,20.5,1,0,1,69.48,23,1
1149,SHORT,2025-11-17T23:09:00.000Z,41884.90,36.7,SL,-83.77,2,6.7,1,0,3,72.88,23,1
1151,SHORT,2025-11-17T23:52:00.000Z,41702.69,33.9,SL,-83.41,14,34.3,0,0,3,62.60,23,1
1152,LONG,2025-11-18T00:20:00.000Z,41850.72,57.2,SL,-83.70,1,2.2,1,0,6,57.58,0,2
1153,LONG,2025-11-18T00:54:00.000Z,41884.72,62.8,SL,-83.77,12,81.7,0,1,20,61.39,0,2
1155,LONG,2025-11-18T02:07:00.000Z,41684.09,58.4,SL,-83.37,3,3.7,1,0,2,52.67,2,2
1156,LONG,2025-11-18T02:15:00.000Z,41721.35,59.7,SL,-83.44,5,0.0,0,0,2,59.46,2,2
1159,LONG,2025-11-18T03:03:00.000Z,42302.50,74.9,SL,-84.61,5,21.6,0,0,3,56.60,3,2
1160,LONG,2025-11-18T03:09:00.000Z,42380.31,74.6,SL,-84.76,18,97.8,0,1,9,53.56,3,2
1161,LONG,2025-11-18T03:49:00.000Z,42598.00,63.8,SL,-85.20,9,51.2,0,1,2,59.97,3,2
1165,SHORT,2025-11-18T05:40:00.000Z,41347.62,28.4,SL,-82.70,6,73.7,0,1,7,53.73,5,2
1169,SHORT,2025-11-18T08:47:00.000Z,40597.70,43.3,SL,-81.20,12,46.0,0,0,17,61.30,8,2
1170,SHORT,2025-11-18T09:21:00.000Z,40476.87,34.5,SL,-80.95,4,27.3,0,0,20,64.28,9,2
1171,SHORT,2025-11-18T09:37:00.000Z,40398.60,35.6,SL,-80.80,13,23.3,0,0,6,62.69,9,2
1172,LONG,2025-11-18T10:16:00.000Z,40424.09,57.2,SL,-80.85,5,20.7,0,0,20,52.79,10,2
1173,SHORT,2025-11-18T10:26:00.000Z,40220.81,34.0,SL,-80.44,2,11.3,1,0,20,55.83,10,2
1174,SHORT,2025-11-18T10:42:00.000Z,40183.93,38.1,SL,-80.37,2,20.8,1,0,5,56.84,10,2
1176,LONG,2025-11-18T11:33:00.000Z,40073.72,63.6,SL,-80.15,15,27.2,0,0,5,58.01,11,2
1177,SHORT,2025-11-18T12:03:00.000Z,39926.42,34.8,SL,-79.85,3,34.6,1,0,19,53.20,12,2
1178,LONG,2025-11-18T12:14:00.000Z,40134.80,59.7,SL,-80.27,19,61.9,0,1,9,56.30,12,2
1179,SHORT,2025-11-18T12:35:00.000Z,39925.47,35.2,SL,-79.85,4,15.7,0,0,1,56.48,12,2
1180,SHORT,2025-11-18T13:36:00.000Z,39748.79,38.8,SL,-79.50,3,7.9,1,0,6,52.07,13,2
1183,LONG,2025-11-18T14:29:00.000Z,40295.69,74.4,SL,-80.59,10,67.8,0,1,10,56.27,14,2
1184,SHORT,2025-11-18T14:54:00.000Z,40071.79,32.5,SL,-80.14,20,88.9,0,1,1,50.43,14,2
1185,SHORT,2025-11-18T16:27:00.000Z,39992.36,34.0,SL,-79.98,25,75.6,0,1,3,60.16,16,2
1187,LONG,2025-11-18T17:01:00.000Z,40206.23,69.7,SL,-80.41,2,0.0,1,0,10,57.84,17,2
1188,SHORT,2025-11-18T17:11:00.000Z,39958.24,38.6,SL,-79.92,3,25.5,1,0,4,55.30,17,2
1189,SHORT,2025-11-18T17:48:00.000Z,39929.13,41.0,SL,-79.86,5,39.8,0,0,17,60.26,17,2
1191,LONG,2025-11-18T19:04:00.000Z,39654.07,58.1,SL,-79.31,16,79.2,0,1,5,62.99,19,2
1193,SHORT,2025-11-18T20:24:00.000Z,38715.21,33.3,SL,-77.43,6,41.7,0,0,3,58.63,20,2
1194,SHORT,2025-11-18T20:39:00.000Z,38607.98,32.2,SL,-77.22,2,5.7,1,0,5,61.03,20,2
1195,SHORT,2025-11-18T21:09:00.000Z,38730.86,44.6,SL,-77.46,4,12.2,0,0,3,54.56,21,2
1196,LONG,2025-11-18T21:39:00.000Z,38973.59,64.7,SL,-77.95,6,52.9,0,1,8,55.42,21,2
1199,LONG,2025-11-18T22:44:00.000Z,38754.08,67.7,SL,-77.51,9,53.6,0,1,2,52.61,22,2
1200,LONG,2025-11-18T23:13:00.000Z,38761.79,58.5,SL,-77.52,6,7.9,0,0,6,50.71,23,2
1201,LONG,2025-11-18T23:23:00.000Z,38773.25,58.5,SL,-77.55,16,54.2,0,1,16,48.07,23,2
1203,LONG,2025-11-19T00:32:00.000Z,39383.68,67.5,SL,-78.77,9,92.4,0,1,11,52.74,0,3
1204,LONG,2025-11-19T01:42:00.000Z,39617.19,63.3,SL,-79.23,46,86.2,0,1,4,51.74,1,3
1205,SHORT,2025-11-19T02:29:00.000Z,39503.21,35.1,SL,-79.01,7,40.9,0,0,20,56.84,2,3
1206,SHORT,2025-11-19T02:46:00.000Z,39399.50,36.5,SL,-78.80,5,39.4,0,0,5,60.11,2,3
1207,SHORT,2025-11-19T03:07:00.000Z,39325.70,35.6,SL,-78.65,8,68.6,0,1,8,62.69,3,3
1208,SHORT,2025-11-19T03:37:00.000Z,39307.85,41.0,SL,-78.62,3,0.7,1,0,7,59.40,3,3
1209,SHORT,2025-11-19T04:09:00.000Z,39279.33,41.0,SL,-78.56,1,0.0,1,0,20,57.39,4,3
1211,SHORT,2025-11-19T04:52:00.000Z,39046.16,32.2,SL,-78.09,5,8.9,0,0,8,54.49,4,3
1213,SHORT,2025-11-19T05:39:00.000Z,38789.98,27.5,SL,-77.58,1,0.0,1,0,5,57.69,5,3
1214,SHORT,2025-11-19T05:50:00.000Z,38768.67,30.3,SL,-77.54,5,21.7,0,0,2,58.27,5,3
1215,SHORT,2025-11-19T06:14:00.000Z,38755.16,35.4,SL,-77.51,10,55.9,0,1,3,54.34,6,3
1217,LONG,2025-11-19T06:59:00.000Z,39103.57,64.4,SL,-78.21,6,15.4,0,0,2,56.98,6,3
1218,SHORT,2025-11-19T07:28:00.000Z,38903.53,38.0,SL,-77.81,2,0.0,1,0,20,55.52,7,3
1219,LONG,2025-11-19T07:43:00.000Z,39101.01,58.6,SL,-78.20,18,79.1,0,1,20,59.13,7,3
1220,LONG,2025-11-19T08:16:00.000Z,39262.28,63.7,SL,-78.52,4,9.6,0,0,2,54.12,8,3
1222,SHORT,2025-11-19T08:55:00.000Z,39284.79,38.8,SL,-78.57,5,44.8,0,0,6,55.56,8,3
1224,LONG,2025-11-19T09:26:00.000Z,39638.69,75.7,SL,-79.28,5,22.4,0,0,7,59.33,9,3
1225,LONG,2025-11-19T10:35:00.000Z,39555.57,65.4,SL,-79.11,10,24.1,0,0,7,55.91,10,3
1226,LONG,2025-11-19T10:46:00.000Z,39617.46,68.5,SL,-79.23,3,14.3,1,0,5,58.33,10,3
1227,LONG,2025-11-19T10:51:00.000Z,39669.88,71.9,SL,-79.34,22,85.2,0,1,10,57.74,10,3
1228,SHORT,2025-11-19T11:23:00.000Z,39476.45,31.5,SL,-78.95,15,81.7,0,1,9,57.10,11,3
1230,SHORT,2025-11-19T12:39:00.000Z,39058.10,19.9,SL,-78.12,2,11.8,1,0,3,59.17,12,3
1232,LONG,2025-11-19T13:51:00.000Z,40007.89,81.9,SL,-80.02,5,40.9,0,0,14,54.43,13,3
1233,LONG,2025-11-19T14:13:00.000Z,40033.01,71.1,SL,-80.07,4,34.8,0,0,1,58.31,14,3
1234,SHORT,2025-11-19T14:28:00.000Z,39821.21,37.7,SL,-79.64,10,27.2,0,0,3,53.88,14,3
1235,LONG,2025-11-19T14:39:00.000Z,39995.04,63.0,SL,-79.99,3,3.3,1,0,2,56.47,14,3
1236,SHORT,2025-11-19T14:57:00.000Z,39636.96,33.1,SL,-79.27,8,20.6,0,0,2,59.49,14,3
1237,SHORT,2025-11-19T16:13:00.000Z,39300.16,41.9,SL,-78.60,2,18.5,1,0,14,50.63,16,3
1238,LONG,2025-11-19T16:25:00.000Z,39452.39,63.7,SL,-78.90,11,61.0,0,1,20,50.79,16,3
1239,LONG,2025-11-19T17:06:00.000Z,39460.63,64.0,SL,-78.92,5,54.7,0,1,10,57.71,17,3
1240,SHORT,2025-11-19T17:28:00.000Z,39232.77,42.5,SL,-78.47,4,27.6,0,0,1,61.37,17,3
1241,SHORT,2025-11-19T17:47:00.000Z,39163.38,36.4,SL,-78.33,6,35.6,0,0,20,55.19,17,3
1242,SHORT,2025-11-19T18:05:00.000Z,39105.48,37.0,SL,-78.21,4,17.4,0,0,7,58.62,18,3
1244,LONG,2025-11-19T18:58:00.000Z,39378.07,65.0,SL,-78.76,3,16.9,1,0,20,52.20,18,3
1247,LONG,2025-11-19T22:01:00.000Z,39492.63,71.7,SL,-78.99,3,0.0,1,0,16,66.76,22,3
1248,SHORT,2025-11-19T22:47:00.000Z,39319.19,33.4,SL,-78.64,12,34.9,0,0,8,55.13,22,3
1249,LONG,2025-11-19T23:17:00.000Z,39478.40,63.6,SL,-78.96,2,7.5,1,0,7,50.41,23,3
1250,LONG,2025-11-19T23:30:00.000Z,39506.57,61.8,SL,-79.01,3,11.5,1,0,20,57.34,23,3
1251,SHORT,2025-11-19T23:36:00.000Z,39351.62,41.5,SL,-78.70,4,20.7,0,0,20,57.02,23,3
1252,SHORT,2025-11-19T23:52:00.000Z,39329.03,39.6,SL,-78.66,9,63.6,0,1,20,55.91,23,3
1253,LONG,2025-11-20T00:09:00.000Z,39514.03,66.0,SL,-79.03,5,0.0,0,0,6,53.48,0,4
1255,LONG,2025-11-20T01:13:00.000Z,39834.43,68.0,SL,-79.67,4,7.4,0,0,1,62.69,1,4
1256,SHORT,2025-11-20T01:51:00.000Z,39633.86,41.9,SL,-79.27,7,35.0,0,0,10,51.46,1,4
1257,LONG,2025-11-20T02:02:00.000Z,39880.45,68.0,SL,-79.76,5,31.1,0,0,9,52.77,2,4
1258,LONG,2025-11-20T02:39:00.000Z,39786.77,57.9,SL,-79.57,14,69.1,0,1,14,56.92,2,4
1261,LONG,2025-11-20T04:16:00.000Z,40685.99,64.1,SL,-81.37,2,1.7,1,0,3,63.86,4,4
1262,LONG,2025-11-20T04:41:00.000Z,40751.28,64.8,SL,-81.50,1,0.0,1,0,16,58.43,4,4
1263,LONG,2025-11-20T04:52:00.000Z,40726.07,59.0,SL,-81.45,1,4.6,1,0,8,58.42,4,4
1264,LONG,2025-11-20T05:26:00.000Z,40644.08,59.0,SL,-81.29,3,14.9,1,0,3,58.52,5,4
1265,LONG,2025-11-20T05:33:00.000Z,40744.52,62.4,SL,-81.49,20,79.7,0,1,4,56.73,5,4
1266,SHORT,2025-11-20T06:01:00.000Z,40580.04,39.6,SL,-81.16,6,32.9,0,0,1,58.31,6,4
1270,LONG,2025-11-20T08:27:00.000Z,39821.08,62.4,SL,-79.64,4,16.5,0,0,12,60.00,8,4
1272,LONG,2025-11-20T09:05:00.000Z,40133.16,73.1,SL,-80.27,2,17.0,1,0,3,51.92,9,4
1273,SHORT,2025-11-20T09:25:00.000Z,39973.33,43.5,SL,-79.95,22,72.8,0,1,2,57.41,9,4
1274,SHORT,2025-11-20T09:59:00.000Z,39909.06,43.0,SL,-79.82,10,39.6,0,0,11,61.80,9,4
1275,SHORT,2025-11-20T10:27:00.000Z,39661.83,25.4,SL,-79.32,3,0.0,1,0,5,59.25,10,4
1276,SHORT,2025-11-20T10:39:00.000Z,39580.36,27.7,SL,-79.16,5,44.4,0,0,9,59.08,10,4
1279,LONG,2025-11-20T13:22:00.000Z,40000.24,74.5,SL,-80.00,2,1.2,1,0,3,54.31,13,4
1280,SHORT,2025-11-20T13:35:00.000Z,39681.62,26.1,SL,-79.36,2,0.0,1,0,9,55.50,13,4
1281,SHORT,2025-11-20T13:40:00.000Z,39571.59,26.3,SL,-79.14,15,35.2,0,0,9,61.49,13,4
1282,SHORT,2025-11-20T14:11:00.000Z,39548.68,41.8,SL,-79.10,7,43.1,0,0,6,58.66,14,4
1283,LONG,2025-11-20T14:22:00.000Z,39747.77,64.3,SL,-79.50,4,2.8,0,0,3,63.91,14,4
1287,SHORT,2025-11-20T17:21:00.000Z,40115.44,38.5,SL,-80.23,4,0.0,0,0,3,55.97,17,4
1288,LONG,2025-11-20T17:38:00.000Z,40351.06,62.4,SL,-80.70,7,30.9,0,0,6,53.11,17,4
1289,SHORT,2025-11-20T17:56:00.000Z,40133.98,38.7,SL,-80.27,6,28.8,0,0,1,55.17,17,4
1290,SHORT,2025-11-20T18:11:00.000Z,40068.24,34.3,SL,-80.14,2,0.0,1,0,8,53.32,18,4
1291,SHORT,2025-11-20T18:18:00.000Z,40032.89,36.5,SL,-80.07,10,56.0,0,1,15,55.63,18,4
1292,SHORT,2025-11-20T18:49:00.000Z,39935.90,36.2,SL,-79.87,6,13.0,0,0,5,67.74,18,4
1294,SHORT,2025-11-20T20:35:00.000Z,39641.66,41.2,SL,-79.28,5,5.1,0,0,3,65.18,20,4
1295,LONG,2025-11-20T20:52:00.000Z,39930.60,65.3,SL,-79.86,5,13.8,0,0,6,61.96,20,4
1296,LONG,2025-11-20T21:08:00.000Z,40088.85,76.9,SL,-80.18,10,75.3,0,1,2,57.67,21,4
1299,LONG,2025-11-21T00:08:00.000Z,40551.97,72.0,SL,-81.10,2,12.8,1,0,13,61.89,0,5
1300,LONG,2025-11-21T00:19:00.000Z,40634.19,70.0,SL,-81.27,2,16.1,1,0,2,63.02,0,5
1301,SHORT,2025-11-21T00:39:00.000Z,40415.46,37.5,SL,-80.83,4,14.7,0,0,7,59.56,0,5
1302,SHORT,2025-11-21T01:36:00.000Z,40343.50,42.1,SL,-80.69,8,36.2,0,0,4,59.42,1,5
1304,LONG,2025-11-21T01:51:00.000Z,40696.37,74.8,SL,-81.39,24,87.9,0,1,14,60.92,1,5
1306,LONG,2025-11-21T02:35:00.000Z,41017.84,74.7,SL,-82.04,5,38.2,0,0,7,55.39,2,5
1307,SHORT,2025-11-21T03:08:00.000Z,40797.57,29.8,SL,-81.60,9,34.0,0,0,11,56.06,3,5
1308,LONG,2025-11-21T03:22:00.000Z,40984.90,62.1,SL,-81.97,3,19.2,1,0,7,54.86,3,5
1309,LONG,2025-11-21T03:55:00.000Z,40821.02,55.2,SL,-81.64,6,7.1,0,0,3,57.24,3,5
1310,SHORT,2025-11-21T04:04:00.000Z,40609.49,37.0,SL,-81.22,11,72.2,0,1,3,54.87,4,5
1311,SHORT,2025-11-21T04:20:00.000Z,40356.52,28.2,SL,-80.71,15,84.0,0,1,3,56.69,4,5
1314,LONG,2025-11-21T06:02:00.000Z,40906.99,57.6,SL,-81.81,6,42.8,0,0,6,62.33,6,5
1316,SHORT,2025-11-21T06:56:00.000Z,40227.36,24.8,SL,-80.45,2,1.3,1,0,6,51.12,6,5
1317,SHORT,2025-11-21T07:22:00.000Z,40311.75,42.5,SL,-80.62,6,53.5,0,1,6,57.20,7,5
1319,SHORT,2025-11-21T09:13:00.000Z,40415.14,39.7,SL,-80.83,3,33.0,1,0,1,61.48,9,5
1320,LONG,2025-11-21T09:35:00.000Z,40699.87,63.8,SL,-81.40,3,7.7,1,0,1,56.05,9,5
1321,SHORT,2025-11-21T09:52:00.000Z,40504.73,38.6,SL,-81.01,14,66.6,0,1,1,54.95,9,5
1323,SHORT,2025-11-21T11:22:00.000Z,39851.03,28.5,SL,-79.70,4,46.8,0,0,5,56.48,11,5
1324,LONG,2025-11-21T11:30:00.000Z,40072.73,62.6,SL,-80.15,8,17.1,0,0,4,61.55,11,5
1325,LONG,2025-11-21T12:05:00.000Z,40181.28,61.0,SL,-80.36,9,60.7,0,1,15,63.78,12,5
1328,SHORT,2025-11-21T13:14:00.000Z,39781.31,23.5,SL,-79.56,2,0.0,1,0,1,62.13,13,5
1331,LONG,2025-11-21T14:25:00.000Z,39454.68,62.0,SL,-78.91,3,6.9,1,0,4,54.02,14,5
1332,LONG,2025-11-21T15:06:00.000Z,39519.12,68.3,SL,-79.04,1,3.7,1,0,2,64.12,15,5
1334,LONG,2025-11-21T16:21:00.000Z,39076.45,63.3,SL,-78.15,9,32.9,0,0,15,53.74,16,5
1335,SHORT,2025-11-21T16:38:00.000Z,38876.25,37.0,SL,-77.75,4,0.0,0,0,2,60.09,16,5
1336,SHORT,2025-11-21T16:55:00.000Z,38857.67,33.5,SL,-77.72,2,0.0,1,0,9,54.25,16,5
1337,SHORT,2025-11-21T17:02:00.000Z,38827.40,38.8,SL,-77.65,8,37.0,0,0,16,57.28,17,5
1338,LONG,2025-11-21T17:11:00.000Z,39002.57,60.1,SL,-78.01,2,0.0,1,0,1,59.26,17,5
1339,SHORT,2025-11-21T17:43:00.000Z,38846.71,39.0,SL,-77.69,13,70.1,0,1,17,53.72,17,5
1340,LONG,2025-11-21T18:02:00.000Z,39115.09,68.3,SL,-78.23,1,5.7,1,0,2,58.31,18,5
1341,LONG,2025-11-21T18:45:00.000Z,39108.67,58.6,SL,-78.22,1,3.3,1,0,16,55.53,18,5
1343,SHORT,2025-11-21T19:15:00.000Z,38689.97,21.8,SL,-77.38,2,0.0,1,0,5,52.66,19,5
1344,LONG,2025-11-21T19:26:00.000Z,38901.30,62.0,SL,-77.80,3,10.2,1,0,5,58.37,19,5
1345,LONG,2025-11-21T19:45:00.000Z,38963.41,65.4,SL,-77.93,7,22.9,0,0,6,58.92,19,5
1346,LONG,2025-11-21T20:01:00.000Z,39079.92,67.3,SL,-78.16,10,27.0,0,0,12,57.32,20,5
1347,SHORT,2025-11-21T20:35:00.000Z,38904.32,38.6,SL,-77.81,4,8.5,0,0,13,54.96,20,5
1350,SHORT,2025-11-21T22:04:00.000Z,37892.39,35.3,SL,-75.78,4,36.3,0,0,5,57.99,22,5
1352,LONG,2025-11-21T22:54:00.000Z,38303.09,71.1,SL,-76.61,4,3.8,0,0,1,52.46,22,5
1353,LONG,2025-11-21T23:15:00.000Z,38385.94,65.7,SL,-76.77,4,26.0,0,0,15,56.01,23,5
1354,SHORT,2025-11-21T23:41:00.000Z,38065.62,33.6,SL,-76.13,9,12.2,0,0,4,60.23,23,5
1355,SHORT,2025-11-22T00:06:00.000Z,38016.93,37.0,SL,-76.03,13,70.3,0,1,20,52.77,0,6
1356,LONG,2025-11-22T00:20:00.000Z,38141.12,59.3,SL,-76.28,25,82.6,0,1,1,52.51,0,6
1357,SHORT,2025-11-22T01:13:00.000Z,38007.14,39.2,SL,-76.01,10,53.3,0,1,3,54.25,1,6
1359,LONG,2025-11-22T01:54:00.000Z,38379.01,76.5,SL,-76.76,7,81.5,0,1,4,53.05,1,6
1363,SHORT,2025-11-22T04:20:00.000Z,37916.00,32.4,SL,-75.83,4,30.1,0,0,8,52.50,4,6
1364,SHORT,2025-11-22T04:32:00.000Z,37861.84,37.9,SL,-75.72,3,3.8,1,0,20,55.78,4,6
1365,SHORT,2025-11-22T05:05:00.000Z,37777.13,36.9,SL,-75.55,16,82.9,0,1,16,51.64,5,6
1367,LONG,2025-11-22T06:16:00.000Z,38522.39,66.7,SL,-77.04,23,52.4,0,1,3,52.14,6,6
1368,SHORT,2025-11-22T06:40:00.000Z,38385.03,36.4,SL,-76.77,1,0.1,1,0,20,55.45,6,6
1369,SHORT,2025-11-22T06:50:00.000Z,38325.79,33.4,SL,-76.65,12,64.5,0,1,10,57.06,6,6
1370,LONG,2025-11-22T07:14:00.000Z,38431.28,55.5,SL,-76.86,5,12.3,0,0,7,61.06,7,6
1371,LONG,2025-11-22T07:36:00.000Z,38483.39,66.1,SL,-76.97,4,24.8,0,0,10,57.29,7,6
1373,LONG,2025-11-22T08:47:00.000Z,38570.45,59.7,SL,-77.14,8,24.0,0,0,4,54.91,8,6
1376,SHORT,2025-11-22T10:17:00.000Z,38080.86,30.3,SL,-76.16,2,11.4,1,0,5,54.13,10,6
1377,LONG,2025-11-22T10:23:00.000Z,38324.68,63.0,SL,-76.65,8,25.7,0,0,11,56.90,10,6
1378,LONG,2025-11-22T11:35:00.000Z,38044.91,62.5,SL,-76.09,2,0.8,1,0,2,51.17,11,6
1380,LONG,2025-11-22T11:45:00.000Z,38291.54,76.5,SL,-76.58,11,46.7,0,0,9,51.67,11,6
1381,LONG,2025-11-22T12:31:00.000Z,38317.22,60.4,SL,-76.63,5,5.5,0,0,20,49.96,12,6
1382,SHORT,2025-11-22T12:46:00.000Z,38170.66,43.7,SL,-76.34,6,44.0,0,0,20,57.80,12,6
1384,SHORT,2025-11-22T13:16:00.000Z,37833.40,25.7,SL,-75.67,5,15.3,0,0,1,52.73,13,6
1385,LONG,2025-11-22T14:01:00.000Z,38045.55,61.1,SL,-76.09,5,3.2,0,0,5,50.00,14,6
1386,SHORT,2025-11-22T14:11:00.000Z,37811.20,33.5,SL,-75.62,11,39.6,0,0,3,53.87,14,6
1387,LONG,2025-11-22T14:59:00.000Z,38265.39,66.3,SL,-76.53,2,16.7,1,0,1,54.24,14,6
1388,LONG,2025-11-22T15:04:00.000Z,38315.05,64.8,SL,-76.63,3,0.9,1,0,2,59.63,15,6
1389,SHORT,2025-11-22T15:15:00.000Z,38090.31,37.2,SL,-76.18,1,0.7,1,0,2,56.98,15,6
1390,SHORT,2025-11-22T16:13:00.000Z,38323.32,42.3,SL,-76.65,2,0.0,1,0,3,61.27,16,6
1391,SHORT,2025-11-22T18:32:00.000Z,38264.08,40.5,SL,-76.53,5,17.6,0,0,20,55.20,18,6
1392,SHORT,2025-11-22T18:42:00.000Z,38204.28,37.7,SL,-76.41,13,39.7,0,0,20,58.13,18,6
1393,LONG,2025-11-22T18:59:00.000Z,38391.62,63.7,SL,-76.78,19,65.0,0,1,5,53.51,18,6
1395,SHORT,2025-11-22T19:48:00.000Z,38077.48,30.6,SL,-76.15,9,74.4,0,1,12,50.76,19,6
1397,SHORT,2025-11-22T21:10:00.000Z,38066.02,37.9,SL,-76.13,3,2.5,1,0,4,55.69,21,6
1398,SHORT,2025-11-22T21:43:00.000Z,38040.10,39.1,SL,-76.08,2,20.1,1,0,20,55.73,21,6
1401,SHORT,2025-11-22T22:50:00.000Z,37476.70,34.8,SL,-74.95,4,31.1,0,0,5,55.09,22,6
1402,SHORT,2025-11-22T22:55:00.000Z,37426.81,36.6,SL,-74.85,12,66.0,0,1,5,57.60,22,6
1403,LONG,2025-11-22T23:17:00.000Z,37575.53,58.5,SL,-75.15,25,87.6,0,1,3,60.04,23,6
1404,SHORT,2025-11-22T23:43:00.000Z,37470.15,42.8,SL,-74.94,5,40.9,0,0,6,52.69,23,6
1405,SHORT,2025-11-23T00:00:00.000Z,37385.88,35.5,SL,-74.77,3,10.3,1,0,1,51.96,0,0
1406,SHORT,2025-11-23T00:27:00.000Z,37236.22,34.3,SL,-74.47,8,26.2,0,0,3,56.07,0,0
1407,LONG,2025-11-23T00:43:00.000Z,37458.64,65.1,SL,-74.92,8,24.1,0,0,5,50.49,0,0
1408,SHORT,2025-11-23T01:17:00.000Z,37382.22,39.0,SL,-74.76,5,29.0,0,0,5,48.32,1,0
1409,LONG,2025-11-23T02:44:00.000Z,38343.88,68.0,SL,-76.69,6,61.3,0,1,2,55.56,2,0
1411,LONG,2025-11-23T04:18:00.000Z,38113.97,58.7,SL,-76.23,4,15.3,0,0,12,52.41,4,0
1412,SHORT,2025-11-23T04:34:00.000Z,37961.06,42.9,SL,-75.92,5,22.5,0,0,12,59.05,4,0
1416,SHORT,2025-11-23T05:51:00.000Z,37238.84,24.6,SL,-74.48,4,7.4,0,0,8,55.58,5,0
1417,LONG,2025-11-23T06:49:00.000Z,37219.03,61.7,SL,-74.44,3,28.5,1,0,8,52.53,6,0
1418,SHORT,2025-11-23T07:10:00.000Z,36813.87,24.5,SL,-73.63,7,33.1,0,0,1,58.85,7,0
1420,SHORT,2025-11-23T08:01:00.000Z,36601.94,26.0,SL,-73.20,8,42.1,0,0,2,51.87,8,0
1421,LONG,2025-11-23T09:10:00.000Z,36127.43,62.4,SL,-72.25,8,16.3,0,0,7,47.74,9,0
1424,LONG,2025-11-23T11:38:00.000Z,36488.86,63.9,SL,-72.98,5,6.6,0,0,11,56.06,11,0
1428,SHORT,2025-11-23T14:22:00.000Z,37232.15,39.1,SL,-74.46,4,18.7,0,0,6,57.50,14,0
1430,LONG,2025-11-23T15:35:00.000Z,37507.94,57.7,SL,-75.02,6,30.8,0,0,16,55.98,15,0
1431,LONG,2025-11-23T15:49:00.000Z,37619.11,64.9,SL,-75.24,3,7.6,1,0,6,59.18,15,0
1432,SHORT,2025-11-23T15:57:00.000Z,37307.69,37.0,SL,-74.62,3,15.7,1,0,6,62.41,15,0
1434,SHORT,2025-11-23T17:05:00.000Z,37107.99,30.9,SL,-74.22,1,7.2,1,0,2,54.35,17,0
1435,LONG,2025-11-23T17:12:00.000Z,37326.60,58.5,SL,-74.65,2,0.3,1,0,6,57.36,17,0
1436,LONG,2025-11-23T17:27:00.000Z,37400.31,63.1,SL,-74.80,66,85.1,0,1,1,57.53,17,0
1438,SHORT,2025-11-23T19:43:00.000Z,36710.13,32.4,SL,-73.42,10,56.5,0,1,6,48.14,19,0
1440,SHORT,2025-11-23T20:37:00.000Z,37134.01,41.0,SL,-74.27,10,34.7,0,0,2,58.67,20,0
1443,LONG,2025-11-23T22:42:00.000Z,37123.90,62.5,SL,-74.25,4,20.4,0,0,9,48.38,22,0
1446,SHORT,2025-11-24T00:42:00.000Z,37168.80,36.9,SL,-74.34,7,26.9,0,0,5,55.05,0,1
1448,LONG,2025-11-24T01:41:00.000Z,37049.17,59.7,SL,-74.10,1,0.0,1,0,16,53.82,1,1
1451,LONG,2025-11-24T02:36:00.000Z,37597.70,71.2,SL,-75.20,6,45.5,0,0,2,54.93,2,1
1452,LONG,2025-11-24T02:54:00.000Z,37686.19,63.5,SL,-75.37,2,0.0,1,0,5,56.67,2,1
1454,SHORT,2025-11-24T03:21:00.000Z,37576.31,34.6,SL,-75.15,25,91.5,0,1,2,52.09,3,1
1455,LONG,2025-11-24T03:49:00.000Z,37726.66,64.5,SL,-75.45,8,31.9,0,0,2,49.34,3,1
1456,SHORT,2025-11-24T04:02:00.000Z,37584.87,44.1,SL,-75.17,5,41.7,0,0,1,54.15,4,1
1457,SHORT,2025-11-24T04:33:00.000Z,37499.94,39.5,SL,-75.00,35,88.6,0,1,11,47.38,4,1
1458,LONG,2025-11-24T05:10:00.000Z,37610.56,66.3,SL,-75.22,11,51.8,0,1,17,53.79,5,1
1459,LONG,2025-11-24T05:42:00.000Z,37696.85,63.6,SL,-75.39,3,27.6,1,0,16,48.13,5,1
1460,LONG,2025-11-24T05:56:00.000Z,37770.38,67.8,SL,-75.54,2,6.1,1,0,20,51.00,5,1
1461,LONG,2025-11-24T06:08:00.000Z,37785.42,64.1,SL,-75.57,5,19.0,0,0,11,57.63,6,1
1463,SHORT,2025-11-24T06:54:00.000Z,37410.33,29.7,SL,-74.82,9,52.0,0,1,3,54.99,6,1
1464,SHORT,2025-11-24T07:11:00.000Z,37311.88,34.6,SL,-74.62,6,9.5,0,0,1,56.98,7,1
1465,LONG,2025-11-24T07:25:00.000Z,37466.12,59.8,SL,-74.93,6,11.3,0,0,15,55.93,7,1
1467,SHORT,2025-11-24T08:43:00.000Z,36641.17,40.2,SL,-73.28,2,1.7,1,0,5,52.53,8,1
1468,SHORT,2025-11-24T08:58:00.000Z,36620.57,39.6,SL,-73.24,9,54.6,0,1,3,51.37,8,1
1471,LONG,2025-11-24T10:40:00.000Z,37301.52,69.3,SL,-74.60,5,0.0,0,0,5,56.50,10,1
1472,SHORT,2025-11-24T10:51:00.000Z,37113.68,37.9,SL,-74.23,19,87.7,0,1,16,52.93,10,1
1474,LONG,2025-11-24T12:12:00.000Z,37330.38,72.5,SL,-74.66,2,17.3,1,0,16,58.52,12,1
1475,SHORT,2025-11-24T12:27:00.000Z,37075.56,42.6,SL,-74.15,6,13.0,0,0,1,57.97,12,1
1477,LONG,2025-11-24T13:10:00.000Z,37434.01,64.2,SL,-74.87,2,1.1,1,0,12,56.80,13,1
1478,SHORT,2025-11-24T13:19:00.000Z,37177.70,33.3,SL,-74.36,18,84.1,0,1,11,59.85,13,1
1482,LONG,2025-11-24T15:07:00.000Z,37813.04,75.0,SL,-75.63,35,75.6,0,1,7,59.12,15,1
1485,SHORT,2025-11-24T16:15:00.000Z,37336.71,30.1,SL,-74.67,20,69.1,0,1,1,59.56,16,1
1487,SHORT,2025-11-24T16:59:00.000Z,37054.31,30.3,SL,-74.11,5,40.9,0,0,4,58.85,16,1
1488,LONG,2025-11-24T17:34:00.000Z,37398.43,67.5,SL,-74.80,4,26.8,0,0,2,52.61,17,1
1490,LONG,2025-11-24T18:46:00.000Z,37494.11,75.2,SL,-74.99,5,18.9,0,0,5,52.65,18,1
1491,SHORT,2025-11-24T19:03:00.000Z,37326.39,42.7,SL,-74.65,2,0.0,1,0,2,52.71,19,1
1493,SHORT,2025-11-24T19:42:00.000Z,37002.52,28.7,SL,-74.01,2,15.4,1,0,6,49.99,19,1
1494,LONG,2025-11-24T20:09:00.000Z,37197.39,62.1,SL,-74.39,2,3.8,1,0,8,50.72,20,1
1495,SHORT,2025-11-24T20:18:00.000Z,37013.68,39.8,SL,-74.03,7,50.1,0,1,17,55.40,20,1
1496,SHORT,2025-11-24T20:42:00.000Z,36954.96,41.3,SL,-73.91,4,33.2,0,0,11,50.21,20,1
1497,SHORT,2025-11-24T20:54:00.000Z,36853.59,36.2,SL,-73.71,56,81.9,0,1,20,51.19,20,1